,group,La,Ce,Pr,Nd,Sm,Eu,Gd,Tb,Dy,Ho,Er,Tm,Yb,Lu
1,NA,NA,NA,NA,NA,NA,NA,NA,NA,NA,NA,NA,NA,NA,NA
2,Chuquicamata Complex,NA,NA,NA,NA,NA,NA,NA,NA,NA,NA,NA,NA,NA,NA
3,Chuquicamata Complex,NA,NA,NA,NA,NA,NA,NA,NA,NA,NA,NA,NA,NA,NA
4,Chuquicamata Complex,15.37418208,28.2743547,2.999197991,10.92727161,1.726552368,0.507830412,1.270732827,0.158082852,1.001410462,0.190878301,0.556257726,NA,0.645454571,0.096026389
5,Chuquicamata Complex,18.54748204,33.53495809,3.528900625,12.51444214,2.051327216,0.507742255,1.40447814,0.184952518,1.11512994,0.197825341,0.591191628,NA,0.684178323,0.10520803
6,Chuquicamata Complex,35.37185442,65.17879989,6.604906884,22.93102238,3.236458699,0.784294342,1.873715649,0.206893178,0.974623833,0.141271555,0.365596514,NA,0.377177243,0.063032221
7,Chuquicamata Complex,20.49342221,35.42387583,3.579367344,12.48448511,1.892733697,0.450477672,1.161882604,0.142265459,0.772373436,0.133743732,0.37128688,NA,0.459452053,0.072872258
8,Chuquicamata Complex,30.34550458,62.00642501,7.080516379,26.61759703,4.11351323,0.836110435,2.325661877,0.243399854,1.197673972,0.201492927,0.535288541,NA,0.61513349,0.093587479
9,Chuquicamata Complex,18.79469703,33.60442616,3.529715629,12.75162099,2.0397408,0.500055399,1.223635981,0.140188759,0.782026275,0.142116459,0.388494739,NA,0.469009519,0.082357381
10,Chuquicamata Complex,15.95442827,30.58435259,3.301455544,12.26513926,2.099014914,0.521492941,1.354084712,0.172225567,1.090011473,0.187631295,0.563499895,NA,0.646459271,0.103039854
11,Chuquicamata Complex,15.996545,31.17911891,3.477804998,12.70547102,2.228826901,0.544653016,1.528238421,0.200464448,1.100419653,0.198601198,0.531631633,NA,0.626612505,0.099443444
12,Chuquicamata Complex,16.1305258,30.80784983,3.25382142,12.00673179,1.951760057,0.496078135,1.274365162,0.164410469,0.957626354,0.189535148,0.519767534,NA,0.595925809,0.102298203
13,Chuquicamata Complex,19.39531967,34.8953414,3.536423752,12.15329076,1.912405455,0.519257501,1.146478439,0.133193379,0.672840042,0.121854495,0.35191937,NA,0.473337105,0.074394064
14,Chuquicamata Complex,15.38485727,28.3350564,3.062982143,10.99849939,1.79293864,0.461944924,1.199647509,0.145827991,0.776471422,0.147971232,0.462166495,NA,0.549944112,0.084384498
15,Chuquicamata Complex,NA,NA,NA,NA,NA,NA,NA,NA,NA,NA,NA,NA,NA,NA
16,Chuquicamata Complex,24.43610409,42.00887754,4.07575369,13.68263094,2.066601398,0.547514812,1.446709899,0.185670201,1.034735373,0.188901441,0.520482038,NA,0.558213029,0.091588362
17,Chuquicamata Complex,17.77306793,33.34557989,3.542922821,12.56424694,2.083825852,0.560650896,1.409125478,0.184804286,1.018889985,0.190485406,0.539543058,NA,0.641303491,0.099824656
18,Chuquicamata Complex,12.78483056,24.39229983,2.615223058,9.500566969,1.577078818,0.409690664,1.08284117,0.134067975,0.790843686,0.155878437,0.451617838,NA,0.495021871,0.080001398
19,Chuquicamata Complex,17.93449365,35.11544756,3.852789235,14.09366948,2.354656837,0.628675573,1.580105797,0.193760604,1.076521746,0.193750418,0.559069961,NA,0.683161418,0.104972896
20,Chuquicamata Complex,20.15223895,39.81447936,4.399260079,16.05350195,2.15499058,0.508085354,1.22474759,0.150539821,1.008948558,0.202522274,0.590998762,NA,0.740896113,0.113383912
21,Chuquicamata Complex,20.14931537,38.04132943,4.104022686,14.54613039,2.277668076,0.491175053,1.205335723,0.119807316,0.538850088,0.095089597,0.264571377,NA,0.337939018,0.053952163
22,Chuquicamata Complex,15.34036664,29.2137624,3.323009561,12.32628286,2.014541116,0.50822238,1.166279664,0.126271084,0.57208675,0.11678183,0.312023548,NA,0.409821529,0.066830258
23,Chuquicamata Complex,11.78065609,20.96915906,2.246134092,7.81630302,1.163217876,0.39980394,0.846511016,0.105684476,0.706897222,0.118077448,0.362145811,NA,0.42072602,0.068650387
24,Chuquicamata Complex,11.50674888,20.50562245,2.17772257,7.980255846,1.311524916,0.485583535,0.963028049,0.110072252,0.461871662,0.066494935,0.210704082,NA,0.307856495,0.055875235
25,Chuquicamata Complex,17.96607104,30.57971463,3.122715662,11.48160547,1.827380331,0.475428778,1.295180596,0.149667278,0.852071306,0.162915605,0.475678673,NA,0.482888145,0.073391005
26,Chuquicamata Complex,NA,NA,NA,NA,NA,NA,NA,NA,NA,NA,NA,NA,NA,NA
27,Chuquicamata Complex,8.984375646,16.44729341,1.777632435,6.380704474,1.0509301,0.376646408,0.811191507,0.106728443,0.697450898,0.132384544,0.356003176,NA,0.425100155,0.067459364
28,Chuquicamata Complex,12.15296392,22.94171799,2.48062045,9.083970459,1.385579735,0.384574033,0.950675829,0.12291833,0.758291285,0.13962267,0.422609915,NA,0.483262114,0.07420731
29,Chuquicamata Complex,12.52305064,23.77306123,2.629695122,9.582939261,1.563688166,0.422649504,1.094763282,0.140048973,0.799275986,0.147918052,0.422898673,NA,0.479401616,0.076258941
30,Chuquicamata Complex,14.35102984,29.9225422,3.299751527,12.34337955,2.038430169,0.548722632,1.594659445,0.19144851,1.154807961,0.207738763,0.599716281,NA,0.675771825,0.107176346
31,Chuquicamata Complex,17.90601864,33.16873085,3.460622466,12.43204321,2.011754454,0.504650185,1.353562799,0.170213036,1.01024175,0.189436051,0.508281875,NA,0.570502304,0.079510948
32,Chuquicamata Complex,12.64140563,25.75375148,2.862871036,11.00927183,2.006214319,0.564134441,1.582868139,0.202365628,1.206480852,0.226333949,0.609619181,NA,0.555204767,0.083181239
33,Chuquicamata Complex,20.71827953,36.87851549,3.763446403,13.41465804,2.039608129,0.515666095,1.35538593,0.170045172,1.052950595,0.190771663,0.567187105,NA,0.67852467,0.110981897
34,Chuquicamata Complex,13.35367535,25.15396719,2.737885701,9.813706108,1.588291969,0.4137272,1.051940275,0.138146129,0.728908939,0.133145819,0.355468222,NA,0.432333178,0.065467656
35,Chuquicamata Complex,11.29126259,20.37193182,2.157778634,8.049799625,1.339368728,0.467244281,0.87713932,0.108057509,0.621209594,0.111912164,0.310844059,NA,0.341216347,0.052345119
36,Chuquicamata Complex,12.58662822,23.31192349,2.472114671,8.773044827,1.440136281,0.403589561,0.992227708,0.114810335,0.662787923,0.116145205,0.333782168,NA,0.390422842,0.060653165
37,Chuquicamata Complex,13.98894767,25.64280748,2.715064107,9.783749179,1.488398599,0.404999875,0.989797417,0.120706979,0.683509601,0.130369509,0.363345147,NA,0.408608019,0.051526913
38,Chuquicamata Complex,15.45208064,28.02387087,2.98422192,10.79782599,1.571469301,0.445098093,1.156759186,0.136121516,0.802282606,0.144536881,0.405746352,NA,0.463446324,0.063305085
39,Chuquicamata Complex,NA,NA,NA,NA,NA,NA,NA,NA,NA,NA,NA,NA,NA,NA
40,Chuquicamata Complex,21.89212272,43.03793599,4.598175986,17.35411305,2.910218167,0.883753642,2.041437279,NA,1.364784548,0.24327189,0.710097016,NA,0.74177523,0.122817392
41,Chuquicamata Complex,14.24293963,26.10129836,2.633357603,9.562882772,1.469061435,0.456500747,0.993391256,NA,0.672450517,0.115710127,0.374594794,NA,0.424815453,0.062065458
42,Chuquicamata Complex,16.30225958,30.98642511,3.281213833,11.82852895,1.853956867,0.514280622,1.233969063,NA,0.87845662,0.168120808,0.48350513,NA,0.523779388,0.084800142
43,Chuquicamata Complex,10.95034693,21.00659733,2.251041571,8.522763872,1.387547375,0.447463395,0.91090925,NA,0.627109677,0.111578467,0.303297375,NA,0.385485381,0.059865838
44,Chuquicamata Complex,NA,NA,NA,NA,NA,NA,NA,NA,NA,NA,NA,NA,NA,NA
45,Chuquicamata Complex,17.6398587,33.21053357,3.419182302,12.10534358,1.833878283,0.496041789,1.329581774,NA,1.029543635,0.178526713,0.516403295,NA,0.691491097,0.100674969
46,Chuquicamata Complex,19.22313833,34.93033705,3.553759049,13.21219007,2.068058827,0.607724473,1.44555847,NA,1.058773246,0.201588376,0.566178143,NA,0.615798095,0.091329436
47,Chuquicamata Complex,19.88710732,37.09258667,3.706621186,13.34881383,2.159009679,0.516178126,1.41989255,NA,0.937457896,0.165552833,0.494232537,NA,0.58155283,0.088388749
48,Chuquicamata Complex,15.61612618,28.99547382,2.968142184,10.39710849,1.627024723,0.463251398,1.085667224,NA,0.707398255,0.120906324,0.382300275,NA,0.496811783,0.080063405
49,Chuquicamata Complex,13.16501053,25.42871806,2.65681041,9.660385262,1.471652975,0.420679458,1.090565255,NA,0.577170347,0.098507444,0.278384047,NA,0.357266415,0.056441142
50,Chuquicamata Complex,13.52485187,25.57396884,2.648010545,9.391772489,1.3746116,0.450220718,0.94531296,NA,0.654582265,0.122400953,0.33531029,NA,0.374051857,0.055287708
51,Chuquicamata Complex,12.32602297,24.71417164,2.636839166,9.242331475,1.366208951,0.403038015,0.8679886,NA,0.589930951,0.109971493,0.336771539,NA,0.375854229,0.070306791
52,Chuquicamata Complex,11.31950044,20.87828708,2.113005699,7.41650763,1.100272842,0.362173059,0.787307297,NA,0.577315029,0.10111362,0.299239206,NA,0.376408639,0.062866529
53,Collahuasi District,NA,NA,NA,NA,NA,NA,NA,NA,NA,NA,NA,NA,NA,NA
54,Collahuasi District,NA,NA,NA,NA,NA,NA,NA,NA,NA,NA,NA,NA,NA,NA
55,Collahuasi District,21.97,42.59,4.905,18.38,3.02,0.902,1.868,0.225,1.11,0.185,0.476,0.065,0.44,0.064
56,Collahuasi District,16.58,32.42,3.747,14.06,2.52,0.748,1.851,0.254,1.392,0.262,0.717,0.106,0.73,0.111
57,Collahuasi District,9.05,16.71,1.873,6.92,1.2,0.486,0.856,0.125,0.77,0.159,0.487,0.077,0.57,0.093
58,Collahuasi District,NA,NA,NA,NA,NA,NA,NA,NA,NA,NA,NA,NA,NA,NA
59,Collahuasi District,NA,NA,NA,NA,NA,NA,NA,NA,NA,NA,NA,NA,NA,NA
60,Collahuasi District,15.66,30.7,3.506,13.19,2.34,0.703,1.651,0.222,1.201,0.227,0.616,0.093,0.62,0.094
61,Collahuasi District,16.61,32.51,3.572,12.94,2.43,0.736,1.772,0.233,1.127,0.191,0.489,0.07,0.47,0.071
62,Collahuasi District,NA,NA,NA,NA,NA,NA,NA,NA,NA,NA,NA,NA,NA,NA
63,Collahuasi District,NA,NA,NA,NA,NA,NA,NA,NA,NA,NA,NA,NA,NA,NA
64,Collahuasi District,NA,NA,NA,NA,NA,NA,NA,NA,NA,NA,NA,NA,NA,NA
65,Collahuasi District,20.78,55.62,NA,21.53,4.99,2.38,NA,NA,2.65,NA,1.47,NA,1.74,0.4
66,Collahuasi District,NA,NA,NA,NA,NA,NA,NA,NA,NA,NA,NA,NA,NA,NA
67,Collahuasi District,26.75,57.15,NA,24.23,5.42,1.56,3.77,NA,3.18,NA,1.61,NA,1.74,0.25
68,El Abra-Fortuna Complex,NA,NA,NA,NA,NA,NA,NA,NA,NA,NA,NA,NA,NA,NA
69,El Abra-Fortuna Complex,33.34665088,72.63775234,8.167409302,30.81400668,5.81638995,0.822388786,4.720736816,NA,4.225201231,0.844687653,2.427151043,NA,2.525542442,0.369857556
70,El Abra-Fortuna Complex,39.06486777,86.13845303,9.947007739,38.44476533,7.419583996,1.065869033,6.131409561,NA,5.431738148,1.064084203,2.992781188,NA,3.177182337,0.457991131
71,El Abra-Fortuna Complex,31.61602722,69.02879735,7.829236063,30.4264872,5.68368044,0.935551891,4.836188139,NA,4.328890213,0.843265753,2.464474154,NA,2.560083791,0.357831716
72,El Abra-Fortuna Complex,28.79857646,61.72097645,7.249704949,27.84811505,5.426563418,0.855472993,4.351118301,NA,4.069080231,0.794181119,2.187934954,NA,2.344626016,0.33000314
73,El Abra-Fortuna Complex,29.69055173,64.63682441,7.598064031,29.33971231,5.743465635,1.032344712,4.78167101,NA,4.249756602,0.841339979,2.355095748,NA,2.378419611,0.35579609
74,El Abra-Fortuna Complex,28.82388193,60.3874321,6.940825273,26.74066269,4.972594189,0.999205479,4.022088055,NA,3.589911451,0.703173197,1.933929433,NA,1.964791163,0.273494753
75,El Abra-Fortuna Complex,NA,NA,NA,NA,NA,NA,NA,NA,NA,NA,NA,NA,NA,NA
76,El Abra-Fortuna Complex,25.52514334,53.53582963,6.285587045,24.83024833,4.802204555,1.040959338,4.080143315,0.57033433,3.654963325,0.713510787,2.041710883,NA,2.02221538,0.294559592
77,El Abra-Fortuna Complex,23.84610945,50.64378678,6.024333336,24.10817407,4.782284231,1.092687349,4.234944557,0.607507086,3.95326315,0.749401958,2.14020702,NA,2.167175552,0.312944633
78,El Abra-Fortuna Complex,32.64207255,68.29464613,7.886981559,30.16394768,5.922451018,1.197470235,5.054030944,0.740305202,4.705762955,0.930430471,2.607194388,NA,2.665187372,0.395153246
79,El Abra-Fortuna Complex,23.79768634,51.19735947,6.03536833,23.76790384,4.653857268,1.049165325,3.849199552,0.543721215,3.472746438,0.678218179,1.885780168,NA,1.952778097,0.286735625
80,El Abra-Fortuna Complex,24.25207716,51.2719946,6.043053705,23.84327284,4.763326862,1.055244561,4.195669978,0.594271348,3.695024796,0.73169007,2.000722455,NA,2.138606757,0.316258005
81,El Abra-Fortuna Complex,36.07210249,77.96097678,8.751806264,32.21470826,6.044441374,0.761239659,4.871862995,0.699558192,4.40637348,0.870058382,2.532996801,NA,2.72005149,0.388045341
82,El Abra-Fortuna Complex,27.70791949,59.45360454,6.964889687,27.53885271,5.246282472,1.037892231,4.418715469,0.627686326,3.942336601,0.754776642,2.221994672,NA,2.320303602,0.336963935
83,El Abra-Fortuna Complex,29.5082524,63.79400473,7.425488174,28.32937768,5.366789542,0.875846291,4.494819081,0.658273165,4.193357707,0.810352661,2.356673235,NA,2.444931304,0.374965673
84,El Abra-Fortuna Complex,23.29141608,48.82632966,5.650183329,22.4356049,4.509090478,0.98090511,3.808406129,0.541018601,3.401386217,0.674513355,1.891976553,NA,1.953499387,0.304760095
85,El Abra-Fortuna Complex,NA,NA,NA,NA,NA,NA,NA,NA,NA,NA,NA,NA,NA,NA
86,El Abra-Fortuna Complex,12.25028498,24.29904688,2.56826857,9.673487199,1.780370844,0.400123884,1.452102425,NA,1.283941982,0.261603002,0.756840879,NA,0.903417335,0.144052879
87,El Abra-Fortuna Complex,20.49414649,46.11090636,5.124794499,19.11577976,3.443450126,0.630607492,2.627668971,NA,2.342548225,0.468868962,1.384640241,NA,1.717500696,0.263542383
88,El Abra-Fortuna Complex,28.20020583,57.65586952,6.120029834,21.34274809,3.705769031,0.588477992,2.662910734,NA,2.354034444,0.465113777,1.378484416,NA,1.785925419,0.263718627
89,El Abra-Fortuna Complex,22.98973749,52.37006695,6.017737817,21.81696065,3.806971015,0.719922515,2.884001502,NA,2.738703029,0.551544998,1.685843672,NA,2.106097898,0.30774047
90,El Abra-Fortuna Complex,20.20663206,42.53048877,4.590216078,16.9899745,3.072611474,0.612840503,2.603308103,NA,2.196742295,0.420490782,1.147679563,NA,1.238892628,0.180096812
91,El Abra-Fortuna Complex,NA,NA,NA,NA,NA,NA,NA,NA,NA,NA,NA,NA,NA,NA
92,El Abra-Fortuna Complex,22.04265508,45.099619,5.121925132,19.7862808,3.722530962,0.889633435,2.992812301,NA,2.574741353,0.497408234,1.427551768,NA,1.491640472,0.206250692
93,El Abra-Fortuna Complex,27.83602591,60.76451041,6.835897705,25.7712193,4.853544065,0.780265888,4.034902168,NA,3.680928676,0.673560107,1.939116041,NA,2.015720422,0.282165481
94,El Abra-Fortuna Complex,28.90540945,63.32147075,7.337627098,28.20279886,5.32471942,0.920332046,4.634183054,NA,4.251426893,0.806226101,2.255903624,NA,2.259831913,0.334762592
95,El Abra-Fortuna Complex,23.45565877,50.40548565,5.871210911,23.2094935,4.498867073,0.93764519,3.706943338,NA,3.319205818,0.623680235,1.79541676,NA,1.835498003,0.258255183
96,El Abra-Fortuna Complex,22.70751525,47.21963642,5.571983312,22.65045713,4.369196926,1.148454549,3.594871986,NA,3.143407827,0.606855894,1.736977609,NA,1.736868152,0.26319053
97,El Abra-Fortuna Complex,NA,NA,NA,NA,NA,NA,NA,NA,NA,NA,NA,NA,NA,NA
98,El Abra-Fortuna Complex,25.42044349,53.31587558,6.210372821,24.52467833,4.635846162,0.977917356,3.850769099,NA,3.140779146,0.582795599,1.603835763,NA,1.613316769,0.239195945
99,El Abra-Fortuna Complex,15.3741354,30.63228358,3.518562708,14.55058684,2.805368877,0.879260901,2.143222082,NA,1.851012878,0.335669707,1.027244704,NA,1.010019414,0.155211525
100,El Abra-Fortuna Complex,16.6975483,33.66314071,4.082665379,17.37730396,3.608271881,0.947071318,3.312281455,NA,2.949533371,0.593629807,1.704789656,NA,1.713666908,0.239254699
101,El Abra-Fortuna Complex,26.51084064,50.04630111,5.59474874,21.5632647,4.305578591,1.036402707,3.514216432,NA,3.153452652,0.598634035,1.647932058,NA,1.761165929,0.237429512
102,El Abra-Fortuna Complex,NA,NA,NA,NA,NA,NA,NA,NA,NA,NA,NA,NA,NA,NA
103,El Abra-Fortuna Complex,23.11961222,47.22737078,5.42953724,21.00142173,3.817473235,0.918011232,3.150756036,0.411498363,2.599380269,0.479659842,1.330699392,NA,1.390131331,0.206589336
104,El Abra-Fortuna Complex,30.61040685,64.68242724,7.499523395,28.29359224,5.649289358,0.92614583,4.43552967,0.663070836,4.165912122,0.801512627,2.291716314,NA,2.428512855,0.362470427
105,El Abra-Fortuna Complex,22.51334761,47.42544841,5.52914369,22.09448746,4.394193282,0.949031971,3.64260774,0.517120105,3.243988039,0.635639066,1.783395793,NA,1.791515808,0.267279593
106,El Abra-Fortuna Complex,24.29605304,49.30655139,5.539977709,20.02953838,3.583312194,0.469198226,3.080223915,0.453707879,2.963754687,0.614536326,1.796108729,NA,1.966937671,0.297824827
107,El Abra-Fortuna Complex,30.10869156,63.4950788,7.337126984,28.11876075,5.360469185,0.963167854,4.260089496,0.609999809,3.908489614,0.74369065,2.160956426,NA,2.292220787,0.324182432
108,El Abra-Fortuna Complex,24.45265195,50.85343794,5.806936472,22.7388577,4.205742551,0.948812369,3.290203882,0.461755524,2.730915241,0.511925113,1.42944976,NA,1.547170191,0.218908504
109,El Abra-Fortuna Complex,23.40151102,48.81072116,5.763774034,22.88832072,4.377545257,0.962541106,3.37629468,0.464395552,2.887944384,0.527683096,1.404459437,NA,1.512753095,0.217028709
110,El Abra-Fortuna Complex,24.51145538,49.49618375,5.65611146,21.73345407,3.929283293,0.907107286,2.99916117,0.417786411,2.525093783,0.480086932,1.353337421,NA,1.365275789,0.205862328
111,El Abra-Fortuna Complex,29.07747406,55.93418716,6.143846984,22.77654792,3.867627488,0.879499924,3.087922106,0.400084972,2.445337736,0.469600351,1.279188785,NA,1.372557731,0.216519248
112,El Abra-Fortuna Complex,31.6772467,60.84618152,6.669616378,24.56707765,4.227029892,0.845489419,3.317252057,0.471170789,2.811782237,0.516766109,1.482411104,NA,1.660846346,0.24610014
113,El Abra-Fortuna Complex,24.97722761,51.05782666,5.871607211,22.96672526,4.186984262,0.908147891,3.422659872,0.492920536,2.949206986,0.565376354,1.49956515,NA,1.552987877,0.220781078
114,El Abra-Fortuna Complex,NA,NA,NA,NA,NA,NA,NA,NA,NA,NA,NA,NA,NA,NA
115,El Abra-Fortuna Complex,22.98360922,45.68258606,5.076286715,20.00054412,3.87150412,0.98897377,3.564078034,NA,3.159133118,0.606751457,1.679309092,NA,1.730700502,0.251008294
116,El Abra-Fortuna Complex,32.38563267,70.42478638,7.980369924,30.49268668,5.708977093,0.914620077,4.721650723,NA,4.345123702,0.842141472,2.391601259,NA,2.451178695,0.362756503
117,El Abra-Fortuna Complex,27.73157048,56.12008452,6.182698864,23.60735957,4.671528243,1.087311801,3.715151353,NA,2.983714431,0.572775317,1.612580345,NA,1.606265367,0.246945416
118,El Abra-Fortuna Complex,22.88577832,53.15920915,5.878489565,21.66252745,3.912337714,0.647394226,2.940199193,NA,2.680130097,0.536889964,1.650662624,NA,1.864076521,0.282084213
119,El Abra-Fortuna Complex,28.61957201,63.9599253,7.085338773,25.74536609,4.169888556,0.705754431,2.656216974,NA,2.133629736,0.413739182,1.282039379,NA,1.575559315,0.241833837
120,El Abra-Fortuna Complex,26.93069272,58.27812211,6.584881754,25.09820037,5.245860236,1.048217707,5.090240899,NA,4.998217411,0.987576665,2.800934199,NA,2.749309163,0.379240098
121,El Abra-Fortuna Complex,NA,NA,NA,NA,NA,NA,NA,NA,NA,NA,NA,NA,NA,NA
122,El Abra-Fortuna Complex,29.21173865,65.64387923,7.347618821,26.9910871,4.76396702,0.846400242,3.772881408,NA,3.070332493,0.585956377,1.621488797,NA,1.841287334,0.271775396
123,El Abra-Fortuna Complex,30.12544201,66.23585573,7.284161729,26.94649246,5.441150461,0.735649555,4.600574599,NA,4.067254818,0.763215241,2.031008293,NA,2.079919139,0.307752411
124,El Abra-Fortuna Complex,28.32684028,63.66891895,7.575841693,28.78703538,5.291158689,0.894286712,3.842648913,NA,3.228386775,0.622895619,1.800696735,NA,2.081735668,0.317022006
125,El Abra-Fortuna Complex,25.09018763,56.68770647,6.378263913,23.20839018,4.410704063,0.49125548,3.764840422,NA,3.602887767,0.705442922,2.059276916,NA,2.362759753,0.359214496
126,El Abra-Fortuna Complex,35.24234534,76.73113434,8.565692509,31.8824674,6.126251153,0.72582654,4.908286807,NA,5.01101532,0.979648082,2.854921346,NA,2.886596353,0.438644244
127,El Abra-Fortuna Complex,23.5098954,53.36142343,5.91450818,22.22836099,4.079654613,0.595289963,3.585461846,NA,3.516428643,0.693866063,2.057346356,NA,2.471311736,0.371978495
128,El Abra-Fortuna Complex,NA,NA,NA,NA,NA,NA,NA,NA,NA,NA,NA,NA,NA,NA
129,El Abra-Fortuna Complex,30.49937715,74.15162044,9.26771325,35.89980816,6.496254254,1.1232199,4.4723455,0.594471884,3.641845298,0.705050868,2.016382067,NA,2.277624267,0.329657421
130,El Abra-Fortuna Complex,33.52288363,67.00828351,7.19411217,24.40621089,3.954434338,0.253971475,2.74467236,0.380158921,2.243349559,0.440552949,1.303990471,NA,1.657120043,0.266517239
131,El Abra-Fortuna Complex,29.28025875,57.51311187,6.056882593,20.15128052,3.286782188,0.339456444,2.453186333,0.354791452,2.233473562,0.45156707,1.410363521,NA,1.855007493,0.29484675
132,El Abra-Fortuna Complex,NA,NA,NA,NA,NA,NA,NA,NA,NA,NA,NA,NA,NA,NA
133,El Abra-Fortuna Complex,NA,NA,NA,NA,NA,NA,NA,NA,NA,NA,NA,NA,NA,NA
134,El Abra-Fortuna Complex,21.04571619,41.51118344,4.714497332,18.09486292,3.099811879,0.830029585,2.126992272,0.267377795,1.597204577,0.29862302,0.836304275,NA,0.809747939,0.120092535
135,El Abra-Fortuna Complex,20.12085864,39.41061854,4.41363546,16.84260794,2.979137888,0.792545801,2.147868096,0.267361559,1.573039485,0.283750372,0.783661376,NA,0.815303568,0.120100166
136,El Abra-Fortuna Complex,20.41025565,38.16620678,4.379687471,16.55117775,2.773671044,0.787635011,1.898894502,0.244813001,1.40134285,0.26567321,0.714053311,NA,0.77348147,0.105602457
137,El Abra-Fortuna Complex,22.65955281,43.16740966,4.83771579,17.98784304,3.133704854,0.841748672,2.208511787,0.2813622,1.577925481,0.314597044,0.82259674,NA,0.925729604,0.143530168
138,El Abra-Fortuna Complex,25.59234468,54.46069293,6.365662853,23.82091575,4.276520791,0.952782779,3.206855573,0.433247343,2.553491368,0.486682504,1.355493617,NA,1.43740434,0.203015708
139,El Abra-Fortuna Complex,16.63632574,31.6217087,3.60356785,13.29949879,2.481466454,0.615043272,1.665055895,0.226834212,1.308144647,0.241721936,0.617043623,NA,0.631394531,0.100760872
140,El Abra-Fortuna Complex,22.82187863,45.45501434,5.363852903,20.10218861,3.676740627,0.804336613,2.879912167,0.398438927,2.418660925,0.465881098,1.324913781,NA,1.508669378,0.228244127
141,El Abra-Fortuna Complex,23.93398438,50.17411289,5.769609939,21.9859612,3.745450967,1.011473432,2.891176843,0.389825589,2.348142897,0.447639142,1.260038655,NA,1.430249781,0.222765684
142,El Abra-Fortuna Complex,16.07499734,33.5170575,3.97925892,15.54821166,2.793780437,0.744641918,2.030120254,0.26938428,1.626772876,0.286198001,0.815077454,NA,0.904565898,0.143654631
143,El Abra-Fortuna Complex,22.13650639,44.44896322,5.087564413,19.63983163,3.49240551,0.858946441,2.880368125,0.408502936,2.366507057,0.427804063,1.25617525,NA,1.209536736,0.178833542
144,El Abra-Fortuna Complex,17.03660728,34.32796971,4.080993458,16.04949569,3.274711591,0.734426781,2.548648122,0.34649334,2.194891933,0.394813575,1.201917862,NA,1.294977221,0.201564951
145,El Abra-Fortuna Complex,NA,NA,NA,NA,NA,NA,NA,NA,NA,NA,NA,NA,NA,NA
146,El Abra-Fortuna Complex,14.60495916,24.95099033,2.498521632,9.074964569,1.539924626,0.479339419,1.16424444,NA,0.910365282,0.164584735,0.497639397,NA,0.573163895,0.095865893
147,El Abra-Fortuna Complex,23.86993115,48.63050655,5.314344755,20.0120717,3.389903092,0.863161053,2.774974724,NA,2.510063223,0.462294405,1.272720488,NA,1.360816786,0.193579865
148,El Abra-Fortuna Complex,17.44427878,32.77753846,3.565486763,13.36361185,2.343362238,0.679304319,1.725102957,NA,1.404322631,0.268174242,0.731949666,NA,0.838687497,0.130070903
149,El Abra-Fortuna Complex,20.3382494,41.13442606,4.576688164,17.24617527,2.924887864,0.828394952,2.178941533,NA,1.715585722,0.319032045,0.947249911,NA,0.977418082,0.149890766
150,El Abra-Fortuna Complex,22.25708629,44.00144423,4.715848562,17.13019381,2.874417886,0.866872283,2.064423503,NA,1.614626558,0.289475074,0.866095548,NA,0.966490887,0.153474082
151,El Abra-Fortuna Complex,NA,NA,NA,NA,NA,NA,NA,NA,NA,NA,NA,NA,NA,NA
152,El Abra-Fortuna Complex,29.55645876,50.25597023,5.452910572,20.17432204,3.60263925,0.866306558,2.635748606,0.346018357,2.070035443,0.406151452,1.090488859,NA,1.168621442,0.175738011
153,El Abra-Fortuna Complex,21.84713284,43.84491168,4.936863454,18.29569623,3.19171426,0.812340198,2.351661891,0.309149382,1.915232025,0.361293117,1.02268108,NA,1.172436823,0.170879983
154,El Abra-Fortuna Complex,18.9489219,36.01914444,4.088555812,15.62761871,2.673852073,0.690128922,1.842602044,0.230555151,1.36944346,0.251411775,0.683109075,NA,0.71849628,0.108991343
155,El Abra-Fortuna Complex,17.74430086,29.50276345,3.000571176,10.39066292,1.784473572,0.454736546,1.296830058,0.17301747,1.061339735,0.200070868,0.565719442,NA,0.73731524,0.126414527
156,El Abra-Fortuna Complex,24.59969073,44.15510531,4.697795035,16.95172435,2.732333273,0.729353457,1.941078643,0.258055621,1.517779596,0.28111641,0.798935439,NA,0.875716913,0.134568401
157,El Abra-Fortuna Complex,30.87522598,60.38691441,6.787988838,25.38683708,4.059676292,0.831120747,2.242299819,0.276178013,1.47837016,0.250600362,0.740893652,NA,0.900674547,0.142183904
158,El Abra-Fortuna Complex,22.75778247,45.78607316,5.113141613,18.32013523,3.523230305,0.544886392,2.63926286,0.386547541,2.241914474,0.429687582,1.25876534,NA,1.57779523,0.231691701
159,El Abra-Fortuna Complex,19.76342612,38.01440591,4.160372197,13.95419715,2.73522532,0.555929875,2.139012045,0.267324621,1.752079353,0.314503378,0.976042949,NA,1.198842149,0.163841401
160,El Abra-Fortuna Complex,28.53934553,48.75734348,4.768713398,16.00000834,2.317743295,0.474775561,1.456233381,0.188192255,1.158082862,0.217973064,0.665042791,NA,0.888630027,0.130488644
161,El Abra-Fortuna Complex,41.68994449,60.91023216,5.628498985,18.1090499,2.419621455,0.56250047,1.636952253,0.191739636,1.118710732,0.213978246,0.594754407,NA,0.595324736,0.09476429
162,El Abra-Fortuna Complex,NA,NA,NA,NA,NA,NA,NA,NA,NA,NA,NA,NA,NA,NA
163,El Abra-Fortuna Complex,14.91782064,32.17011622,3.801692616,15.33374593,2.406915379,0.751082995,2.118249784,NA,1.52784602,0.283741045,0.944285631,NA,0.991810578,0.125353756
164,El Abra-Fortuna Complex,21.06620789,40.86932538,4.362491755,16.12666711,2.560956714,0.715827431,1.714623091,NA,1.257530786,0.223466236,0.625828344,NA,0.666920563,0.094084817
165,El Abra-Fortuna Complex,20.68567946,40.48908929,4.297556893,15.30206414,2.698551621,0.866830427,2.110294853,NA,1.773475862,0.332146313,0.895456762,NA,1.053930654,0.151357114
166,El Abra-Fortuna Complex,21.59600858,41.23155427,4.400826044,15.84415931,2.425170458,0.718721332,1.736768897,NA,1.359906763,0.247153161,0.726385038,NA,0.753723829,0.120594713
167,El Abra-Fortuna Complex,23.41517801,49.51470424,5.686978378,21.99603909,4.100511867,0.968721198,3.449081198,NA,2.908702447,0.555427572,1.506781076,NA,1.610561708,0.231424787
168,El Abra-Fortuna Complex,16.83328126,33.24947748,3.548679038,13.04225285,2.020246885,0.543015433,1.448649612,NA,1.138621639,0.214454913,0.595510865,NA,0.663792068,0.09893645
169,Indio Muerto District,17,34,NA,NA,NA,NA,NA,NA,NA,NA,NA,NA,0.55,NA
170,Indio Muerto District,16,33,NA,NA,NA,NA,NA,NA,NA,NA,NA,NA,0.53,NA
171,Indio Muerto District,17,35,NA,NA,NA,NA,NA,NA,NA,NA,NA,NA,NA,NA
172,Indio Muerto District,19,42,NA,NA,NA,NA,NA,NA,NA,NA,NA,NA,NA,NA
173,Indio Muerto District,13,27,NA,NA,NA,NA,NA,NA,NA,NA,NA,NA,NA,NA
174,Indio Muerto District,13,33,NA,NA,NA,NA,NA,NA,NA,NA,NA,NA,1.72,NA
175,Indio Muerto District,22,46,NA,NA,NA,NA,NA,NA,NA,NA,NA,NA,NA,NA
176,Indio Muerto District,23,40,NA,NA,NA,NA,NA,NA,NA,NA,NA,NA,NA,NA
177,Indio Muerto District,50,83,NA,NA,NA,NA,NA,NA,NA,NA,NA,NA,1.79,NA
178,Indio Muerto District,39,78,NA,NA,NA,NA,NA,NA,NA,NA,NA,NA,NA,NA
179,Indio Muerto District,13.9,32.4,NA,15.1,2.99,0.85,NA,0.34,NA,NA,NA,NA,0.68,0.11
180,Indio Muerto District,17.9,40.4,NA,18.3,3.47,1.17,NA,0.49,NA,NA,NA,NA,0.66,0.1
181,Indio Muerto District,15,32.7,4.081,16.4,3.108,0.933,2.474,0.352,1.812,0.318,0.836,NA,0.721,0.106
182,Indio Muerto District,16.9,35.7,4.28,16.6,3.279,0.821,2.856,0.434,2.364,0.435,1.18,NA,1.102,0.169
183,Indio Muerto District,20.77906589,46.36819437,5.968852761,24.80048558,4.644486823,1.26675095,3.459725084,0.454020946,2.122888954,0.323537647,0.787148225,NA,0.565430432,0.079031613
184,Indio Muerto District,12.9,27.9,3.567,14.9,2.935,0.882,2.387,0.332,1.673,0.281,0.717,NA,0.549,0.078
185,Indio Muerto District,16.3,33.5,4.125,16.7,3.054,0.876,2.355,0.315,1.523,0.238,0.595,NA,0.43,0.062
186,Indio Muerto District,NA,NA,NA,NA,NA,NA,NA,NA,NA,NA,NA,NA,NA,NA
187,Indio Muerto District,NA,NA,NA,NA,NA,NA,NA,NA,NA,NA,NA,NA,NA,NA
188,Indio Muerto District,13,34,NA,NA,NA,NA,NA,NA,NA,NA,NA,NA,0.52,NA
189,Indio Muerto District,17.8,36,3.8,16.6,2.9,0.92,2.1,0.37,1.4,0.25,0.6,0.06,0.52,0.08
190,Indio Muerto District,NA,NA,NA,NA,NA,NA,NA,NA,NA,NA,NA,NA,NA,NA
191,Indio Muerto District,17.2,37.2,4.754,19.8,3.586,1.062,2.603,0.335,1.573,0.24,0.593,NA,0.403,0.055
192,Indio Muerto District,22,46,5.1,23,5.1,1.58,4.8,0.61,3.9,0.71,2.1,0.25,1.88,0.29
193,El Teniente district,16.4,33.3,4.32,16.2,2.9,0.88,1.9,0.2,1,0.2,0.5,0.07,0.4,0.06
194,El Teniente district,14.4,34.7,3.97,19.2,3.39,0.88,2.9,0.29,1.8,0.3,0.9,0.12,0.92,0.11
195,El Teniente district,17.8,37.9,NA,18.1,3.54,0.861,NA,0.404,NA,NA,NA,NA,1.08,0.156
196,El Teniente district,19.1,44.9,NA,25,5.13,1.18,NA,0.6,NA,NA,NA,NA,2.03,0.26
197,El Teniente district,16.7,38.8,NA,21.9,4.26,1,NA,0.41,NA,NA,NA,NA,1.27,0.16
198,El Teniente district,13.3,24,2.47,7.4,1,0.36,0.6,NA,0.4,NA,0.2,NA,0.3,0.04
199,El Teniente district,12.8,24.3,2.66,10.2,1.83,0.63,1.26,0.16,0.82,0.15,0.43,0.06,0.42,0.07
200,El Teniente district,22.4,47.6,NA,24.8,4.98,1.18,NA,0.612,NA,NA,NA,NA,1.57,0.225
201,El Teniente district,25.2,51,NA,22.5,3.88,0.829,NA,0.444,NA,NA,NA,NA,1.39,0.184
202,El Teniente district,33.7,71.8,NA,31,4.83,0.84,NA,0.401,NA,NA,NA,NA,1.1,0.152
203,El Teniente district,10.6,21.4,2.84,13.43,3.44,1,2.96,0.51,2.69,0.5,1.39,0.19,1.12,0.16
204,El Teniente district,10.4,20.1,2.42,9,1.58,0.65,1.4,0.2,0.8,0.18,0.5,0.07,0.4,0.06
205,El Teniente district,13.9,27.9,3.68,14.1,2.8,0.78,2.2,0.3,1.5,0.3,0.8,0.12,0.8,0.11
206,El Teniente district,15.15,30.74,3.92,15.11,2.51,0.69,1.9,0.17,0.76,0.13,0.35,0.04,0.28,0.05
207,El Teniente district,15.3,32.3,NA,20.2,4.67,1.29,NA,0.57,NA,NA,NA,NA,1.44,0.203
208,El Teniente district,11.6,27.3,NA,16.8,3.89,1.11,NA,0.446,NA,NA,NA,NA,0.967,0.131
209,El Teniente district,15,33.8,NA,17.5,4.22,1.2,NA,0.553,NA,NA,NA,NA,1.58,0.224
210,El Teniente district,12.6,29,NA,15.4,3.81,1.1,NA,0.518,NA,NA,NA,NA,1.4,0.182
211,El Teniente district,15.9,33.5,NA,18.1,4.01,1,NA,0.448,NA,NA,NA,NA,1.42,0.179
212,El Teniente district,18.7,40,NA,25.5,4.83,1.21,NA,0.605,NA,NA,NA,NA,1.67,0.243
213,El Teniente district,16.5,36.1,NA,18.5,3.84,0.88,NA,0.497,NA,NA,NA,NA,1.29,0.189
214,El Teniente district,14.6,30.9,4,15.3,2.8,0.83,2.3,0.2,1,0.2,0.5,0.07,0.4,0.07
215,El Teniente district,10,28,NA,14,NA,NA,NA,NA,NA,NA,NA,NA,NA,NA
216,El Teniente district,11,25,NA,15,NA,NA,NA,NA,NA,NA,NA,NA,NA,NA
217,El Teniente district,6,20,NA,13,NA,NA,NA,NA,NA,NA,NA,NA,NA,NA
218,El Teniente district,7,14,NA,9,NA,NA,NA,NA,NA,NA,NA,NA,NA,NA
219,El Teniente district,10,25,NA,14,NA,NA,NA,NA,NA,NA,NA,NA,NA,NA
220,El Teniente district,12,31,NA,18,NA,NA,NA,NA,NA,NA,NA,NA,NA,NA
221,El Teniente district,12,30,NA,17,NA,NA,NA,NA,NA,NA,NA,NA,NA,NA
222,El Teniente district,7,18,NA,12,NA,NA,NA,NA,NA,NA,NA,NA,NA,NA
223,El Teniente district,16,25,NA,14,NA,NA,NA,NA,NA,NA,NA,NA,NA,NA
224,El Teniente district,15,41,NA,23,NA,NA,NA,NA,NA,NA,NA,NA,NA,NA
225,El Teniente district,12,25,NA,14,NA,NA,NA,NA,NA,NA,NA,NA,NA,NA
226,El Teniente district,16,37,NA,18,NA,NA,NA,NA,NA,NA,NA,NA,NA,NA
227,El Teniente district,14,27,NA,12,NA,NA,NA,NA,NA,NA,NA,NA,NA,NA
228,El Teniente district,15,29,NA,11,NA,NA,NA,NA,NA,NA,NA,NA,NA,NA
229,El Teniente district,9,29,NA,13,NA,NA,NA,NA,NA,NA,NA,NA,NA,NA
230,El Teniente district,13,30,NA,14,NA,NA,NA,NA,NA,NA,NA,NA,NA,NA
231,El Teniente district,13,27,NA,12,NA,NA,NA,NA,NA,NA,NA,NA,NA,NA
232,El Teniente district,11,26,NA,12,NA,NA,NA,NA,NA,NA,NA,NA,NA,NA
233,El Teniente district,12,30,NA,14,NA,NA,NA,NA,NA,NA,NA,NA,NA,NA
234,El Teniente district,11,24,NA,12,NA,NA,NA,NA,NA,NA,NA,NA,NA,NA
235,El Teniente district,7,16,NA,8,NA,NA,NA,NA,NA,NA,NA,NA,NA,NA
236,El Teniente district,17.4,39,NA,20.1,3.9,1,NA,0.404,NA,NA,NA,NA,0.857,0.113
237,El Teniente district,17.6,37.6,NA,19.5,4.35,1.13,NA,0.394,NA,NA,NA,NA,1.21,0.146
238,El Teniente district,17.2,38.4,NA,21.2,4.49,1.26,NA,0.454,NA,NA,NA,NA,0.67,0.09
239,El Teniente district,17.9,41.8,NA,22,4.24,1.12,NA,0.408,NA,NA,NA,NA,0.825,0.109
240,El Teniente district,23.5,47.9,NA,25.6,5.02,1.2,NA,0.466,NA,NA,NA,NA,1.28,0.149
241,El Teniente district,22.3,50,NA,31.9,6.52,1.36,NA,0.66,NA,NA,NA,NA,2.32,0.3
242,El Teniente district,21.8,52.2,NA,29.8,6.26,1.37,NA,0.73,NA,NA,NA,NA,2.25,0.29
243,El Teniente district,17.6,42.4,NA,24,4.4,1.13,NA,0.41,NA,NA,NA,NA,0.88,0.147
244,El Teniente district,16.7,38.8,NA,21.9,4.26,1,NA,0.41,NA,NA,NA,NA,1.27,0.16
245,El Teniente district,14.4,34.7,NA,19.2,3.39,0.88,NA,0.29,NA,NA,NA,NA,0.92,0.09
246,El Teniente district,16.5,35.1,NA,21.2,4,1.06,NA,0.41,NA,NA,NA,NA,1.17,0.26
247,El Teniente district,19.1,44.9,NA,25,5.13,1.18,NA,0.63,NA,NA,NA,NA,2.03,0.26
248,El Teniente district,13.4,24.9,2.97,11.5,1.92,0.47,1.47,0.16,0.7,0.12,0.3,0.03,0.23,0.03
249,El Teniente district,13.6,28.6,3.75,15.3,2.71,0.64,2.01,0.22,1.02,0.18,0.46,0.06,0.36,0.05
250,El Teniente district,24.1,53.4,6.83,27.8,4.51,0.67,3.46,0.36,1.56,0.27,0.65,0.07,0.43,0.05
251,El Teniente district,24.5,54.8,7.6,30.3,5.29,0.8,3.85,0.48,2.1,0.38,0.89,0.11,0.6,0.08
252,El Teniente district,8.97,21.3,2.96,12.9,3.2,0.96,3.17,0.52,2.94,0.61,1.65,0.23,1.38,0.21
253,El Teniente district,14.3,32.8,3.46,11.5,1.42,0.18,1.08,0.11,0.58,0.11,0.32,0.05,0.36,0.05
254,El Teniente district,6.18,10.6,1.24,4.72,0.98,0.44,0.87,0.13,0.64,0.13,0.32,0.04,0.25,0.03
255,El Teniente district,11,22.7,2.65,10.4,1.74,0.34,1.2,0.13,0.63,0.1,0.23,0.04,0.18,0.03
256,El Teniente district,16.8,35.7,4.03,15.1,2.11,0.23,1.35,0.13,0.62,0.09,0.21,0.03,0.17,0.02
257,El Teniente district,10.6,20.7,2.29,8.57,1.36,0.25,0.96,0.11,0.54,0.08,0.2,0.03,0.16,0.02
258,El Teniente district,16.4,36.4,4.82,19.8,3.78,0.95,3.01,0.36,1.71,0.32,0.83,0.11,0.71,0.11
259,El Teniente district,16.2,37,4.67,19.6,3.78,0.95,2.91,0.35,1.82,0.31,0.83,0.12,0.77,0.1
260,Escondida,21,39,4.5,16,2.8,0.78,1.6,0.18,0.97,0.18,0.49,0.07,0.49,0.08
261,Escondida,19,41,5.1,21,4.1,1.2,3.2,0.39,2.2,0.42,1.1,0.16,0.97,0.14
262,Escondida,15,32,3.8,15,2.9,0.79,1.9,0.24,1.3,0.25,0.69,0.1,0.59,0.1
263,Escondida,19,39,4.8,19,4.2,1.2,3.6,0.5,3.1,0.61,1.7,0.26,1.6,0.27
264,Escondida,45,87,9.8,38,6.7,1.9,4.8,0.56,3,0.57,1.5,0.21,1.4,0.22
265,Escondida,24,47,5.3,20,3.5,0.98,2.4,0.33,1.7,0.34,0.86,0.13,0.78,0.12
266,Escondida,21,43,4.9,18,3.8,0.85,3.5,0.58,3.6,0.75,2.1,0.33,2.3,0.31
267,Escondida,25,50,5.9,22,4.7,1,3.9,0.54,3.4,0.67,1.9,0.29,1.9,0.3
268,Escondida,23,47,5.5,22,4.1,1.2,3.5,0.41,2.6,0.5,1.4,0.21,1.3,0.2
269,Escondida,20,42,5,21,4.1,1.2,3.3,0.45,2.7,0.51,1.4,0.19,1.3,0.17
270,Escondida,23,45,5.2,20,3.6,0.97,2.9,0.4,2.3,0.44,1.2,0.19,1.1,0.17
271,Escondida,24,48,5.3,20,3.5,1,3.3,0.46,2.3,0.41,1,0.13,0.86,0.12
272,Escondida,26,53,5.7,20,3.9,0.54,3.4,0.55,3.6,0.79,2.4,0.41,2.8,0.42
273,Escondida,33,67,7.4,28,5.6,1.4,4.7,0.72,4.6,0.98,2.7,0.43,2.9,0.44
274,Escondida,22,45,5.3,21,4.1,1.2,3.3,0.41,2.3,0.45,1.2,0.17,1.1,0.17
275,Escondida,22,46,5.3,21,4,1.1,3.2,0.4,2.4,0.46,1.3,0.19,1.2,0.19
276,Escondida,20,42,5,20,4.1,1.3,3.5,0.49,2.9,0.58,1.5,0.22,1.5,0.22
277,Escondida,22,45,5.2,20,3.5,0.97,2.5,0.26,1.5,0.27,0.73,0.09,0.6,0.1
278,Escondida,21,42,5,20,3.8,1.2,3.2,0.44,2.5,0.46,1.2,0.18,1.1,0.16
279,Escondida,22,44,5.3,20,4,1.2,3.4,0.47,2.6,0.51,1.4,0.19,1.3,0.2
280,Escondida,6,14,1.6,5.6,1.9,0.13,2.2,0.49,3.4,0.74,2.2,0.35,2.3,0.33
281,Escondida,21,42,4.9,20,3.9,1.1,3.3,0.45,2.5,0.46,1.2,0.19,1.1,0.16
282,Escondida,21,42,5.1,20,4.1,1.2,3.3,0.47,2.5,0.54,1.5,0.22,1.5,0.2
283,Escondida,20,41,5,20,3.9,1.2,3.4,0.44,2.6,0.52,1.4,0.21,1.4,0.21
284,Escondida,16,36,4.6,19,3.9,1.2,3.4,0.43,2.6,0.5,1.3,0.19,1.12,0.17
285,Escondida,15,32,3.9,16,3.7,1.1,3.5,0.54,3.5,0.71,2,0.3,1.9,0.28
286,Escondida,19,40,4.7,19,3.9,1.2,3.2,0.42,2.5,0.49,1.3,0.18,1.2,0.17
287,Escondida,20,41,4.8,19,3.7,1.1,3.2,0.4,2.5,0.48,1.3,0.19,1.15,0.18
288,Escondida,8.7,19,2.4,10,2.6,0.82,2.6,0.4,2.5,0.55,1.5,0.23,1.6,0.21
289,Escondida,22,45,5.3,20,3.9,1.1,3.2,0.42,2.5,0.51,1.3,0.21,1.39,0.24
290,Escondida,21,42,5,21,4.3,1.2,3.7,0.49,2.9,0.56,1.5,0.22,1.37,0.22
291,Escondida,20,41,4.9,19,3.8,1.2,3,0.42,2.3,0.44,1.2,0.17,1.05,0.15
292,Escondida,16,36,4.4,18,4.1,1.2,3.8,0.58,3.6,0.73,2,0.3,1.8,0.27
293,Escondida,7,16,2,6.6,2,0.17,2.1,0.45,3,0.66,1.9,0.3,2,0.28
294,Escondida,21,41,4.7,18,3,0.87,2,0.24,1.3,0.23,0.55,0.09,0.53,0.08
295,Escondida,6.8,16,1.7,5.9,1.6,0.13,1.8,0.37,2.5,0.55,1.7,0.26,1.8,0.25
296,Escondida,21,41,4.6,18,3.1,0.95,2.4,0.33,1.8,0.36,0.91,0.14,0.96,0.13
297,Escondida,6.6,15,1.8,5.5,1.7,0.12,1.8,0.34,2.4,0.53,1.6,0.26,1.7,0.25
298,Escondida,26,51,5.7,21,3.8,0.97,3.1,0.38,2.4,0.46,1.3,0.19,1.3,0.2
299,Escondida,24,49,5.6,22,4.4,1.1,3.7,0.49,3,0.58,1.6,0.24,1.5,0.24
300,Los Pelambres,19.5,38.1,4.61,17,2.95,0.96,2.16,0.257,1.32,0.236,0.611,0.09,0.529,NA
301,Los Pelambres,17.3,35.3,3.97,13.5,2.13,0.633,1.38,0.16,0.788,0.133,0.347,0.049,0.342,NA
302,Los Pelambres,24,49.9,6.29,22.4,3.88,0.972,2.43,0.298,1.41,0.236,0.598,0.088,0.592,NA
303,Los Pelambres,16.2,31.3,3.64,12.5,1.9,0.444,1.08,0.117,0.491,0.073,0.165,0.025,0.143,NA
304,Los Pelambres,15.2,30.7,3.81,14.1,2.48,0.691,1.76,0.217,1.16,0.204,0.563,0.075,0.58,NA
305,Los Pelambres,19.5,30.7,3.81,14.1,2.48,0.691,1.76,0.217,1.16,0.204,0.563,0.075,0.58,NA
306,Los Pelambres,17.6,35.7,4.28,15.3,2.4,0.539,1.3,0.145,0.641,0.101,0.252,0.032,0.255,NA
307,Los Pelambres,18.4,37.3,4.58,16.8,2.73,0.849,1.87,0.228,1.14,0.193,0.514,0.068,0.472,NA
308,Los Pelambres,14,28.3,3.04,10.9,1.82,0.541,1.1,0.118,0.63,0.118,0.338,0.053,0.398,NA
309,Los Pelambres,14.5,30.5,3.44,11.9,1.9,0.566,1.22,0.152,0.837,0.153,0.439,0.073,0.498,NA
310,Los Pelambres,16.2,36.2,4.24,15.3,2.79,0.802,1.98,0.244,1.2,0.214,0.549,0.076,0.498,NA
311,Los Pelambres,16.6,35.2,4.27,15.4,2.62,0.742,1.66,0.201,0.976,0.177,0.465,0.065,0.436,NA
312,Los Pelambres,13,27,3.2,12.8,2.2,0.8,1.7,0.2,1.2,0.2,0.5,0.1,0.7,0.1
313,Los Pelambres,20,40.5,4.7,17.8,3,0.8,2.3,0.3,1.2,0.2,0.7,0.1,0.6,0.1
314,Los Pelambres,17.9,34.9,3.8,15.2,2.1,0.5,1.2,0.1,0.6,0.1,0.3,0.05,0.3,0.1
315,Los Pelambres,17.1,34.8,3.8,15.3,2.3,0.7,1.4,0.2,0.8,0.2,0.4,0.1,0.4,0.1
316,Los Pelambres,20.1,40.3,4.6,19.3,3.1,0.9,2.2,0.3,1.5,0.3,0.7,0.1,0.7,0.1
317,Los Pelambres,22.3,43.2,4.8,19.3,2.8,0.8,1.8,0.2,1.1,0.2,0.5,0.1,0.5,0.1
318,Los Pelambres,19.9,39.5,4.7,19,2.7,0.8,1.8,0.2,1.1,0.2,0.5,0.1,0.5,0.1
319,Los Pelambres,31.1,63.1,7,28.4,3.8,0.9,2.2,0.3,1.2,0.2,0.5,0.1,0.4,0.1
320,Los Pelambres,19,37.6,4.1,16.4,2.2,0.7,1.4,0.2,0.9,0.2,0.4,0.1,0.4,0.1
321,Rio Blanco,21.1,38.1,NA,18.2,3.56,0.94,NA,0.38,NA,NA,NA,NA,1.45,0.22
322,Rio Blanco,16.8,35.1,NA,18.4,3.44,0.73,NA,NA,NA,0.6,NA,NA,1.2,0.17
323,Rio Blanco,20.7,46.7,NA,23,4.33,1,NA,NA,NA,0.8,NA,NA,1.5,0.2
324,Rio Blanco,17.1,31.1,NA,16.4,2.52,0.67,NA,0.28,NA,NA,NA,NA,1.08,0.14
325,Rio Blanco,12.3,26.1,NA,13.4,2.25,0.48,NA,0.24,NA,NA,NA,NA,0.45,0.05
326,Rio Blanco,13.3,28.6,NA,13,2.2,0.58,NA,0.25,NA,NA,NA,NA,0.59,0.09
327,Rio Blanco,14.2,28.6,NA,18.7,3.53,0.92,NA,0.31,NA,NA,NA,NA,1.85,0.29
328,Rio Blanco,15,27.9,NA,20.8,4.06,1.05,NA,0.37,NA,NA,NA,NA,1.43,0.11
329,Rio Blanco,12,20.6,NA,7.7,1.18,0.42,NA,0.12,NA,NA,NA,NA,0.48,0.05
330,Rio Blanco,10.12,20.75,2.33,7.67,1.7,0.51,1.16,0.18,0.84,0.17,0.42,NA,0.45,0.07
331,Rio Blanco,10,20.72,2.42,7.92,1.71,0.45,1.16,0.16,0.78,0.15,0.41,NA,0.4,0.07
332,Rio Blanco,NA,NA,NA,NA,NA,NA,NA,NA,NA,NA,NA,NA,NA,NA
333,Rio Blanco,5.91,10.8,1.1,4.1,0.66,0.238,0.46,0.06,0.29,0.06,0.2,0.032,0.26,0.047
334,Rio Blanco,5.53,11.5,1.25,4.76,0.72,0.222,0.5,0.06,0.26,0.06,0.17,0.029,0.21,0.041
335,Rio Blanco,10.2,17.5,2,7.92,1.15,0.281,0.66,0.08,0.44,0.09,0.28,0.046,0.32,0.053
336,Rio Blanco,9.4,18.2,2.26,8.71,1.48,0.39,1,0.12,0.6,0.11,0.32,0.046,0.31,0.048
337,Rio Blanco,12,22.1,2.68,11,1.83,0.45,1.05,0.14,0.7,0.12,0.37,0.056,0.36,0.052
338,Rio Blanco,17.9,33.3,3.6,13.3,2.01,0.591,1.21,0.14,0.63,0.1,0.3,0.04,0.31,0.045
339,Rio Blanco,14.5,25.9,2.87,12.1,2,0.524,0.93,0.12,0.63,0.11,0.32,0.051,0.34,0.05
340,Rio Blanco,11.3,22.1,2.13,6.72,1.49,0.386,0.95,0.11,0.51,0.09,0.25,0.04,0.27,0.042
341,Rio Blanco,13.4,23.9,2.44,8.59,1.23,0.32,0.8,0.09,0.42,0.08,0.28,0.043,0.35,0.055
342,Rio Blanco,10.7,21.2,2.36,8.67,1.54,0.432,1.15,0.16,0.76,0.15,0.4,0.061,0.43,0.059
343,Rio Blanco,5.85,12.3,1.3,4.42,0.68,0.5,0.5,0.06,0.31,0.06,0.18,0.025,0.24,0.043
344,Rio Blanco,18.1,35.5,4.03,15.2,2.72,0.74,2.01,0.29,1.48,0.27,0.75,0.115,0.77,0.113
345,Rio Blanco,15.1,33.1,3.73,13.6,2.33,0.7,1.79,0.25,1.2,0.24,0.67,0.094,0.65,0.098
346,Rio Blanco,13.5,28.5,3.35,13,2.47,0.708,2,0.28,1.43,0.28,0.73,0.114,0.76,0.114
347,Rio Blanco,21.3,43.6,5.02,19.2,3.46,0.83,2.68,0.36,1.84,0.32,0.87,0.124,0.85,0.128
348,Rio Blanco,19,36.6,4.13,16.1,2.97,0.832,1.83,0.25,1.44,0.27,0.74,0.109,0.73,0.116
349,Rio Blanco,13.7,27.8,3.74,17.8,3.63,1.01,2.42,0.34,1.71,0.27,0.73,0.1,0.62,0.091
350,Quellaveco,7,13.8,1.64,7.2,1.44,0.56,1.03,0.17,0.65,0.1,0.26,0.04,0.24,0.05
351,Quellaveco,12.4,26.2,2.9,10.7,1.79,0.63,1.23,0.2,0.85,0.14,0.41,0.07,0.44,0.08
352,Quellaveco,22.8,46.2,5.08,18.6,2.95,0.98,2.21,0.4,1.64,0.32,0.88,0.15,0.86,0.15
353,Quellaveco,3,5,0.53,2.1,0.4,0.22,0.46,0.1,0.44,0.1,0.32,0.05,0.39,0.08
354,Quellaveco,6.3,12.5,1.49,5.5,0.97,0.21,0.7,0.12,0.54,0.1,0.34,0.06,0.4,0.07
355,Quellaveco,40.5,75.7,8.03,25.3,3.82,0.93,2.14,0.36,1.35,0.24,0.67,0.12,0.66,0.1
356,Quellaveco,15.7,32.3,3.64,13.1,2.16,0.73,1.42,0.29,1.15,0.22,0.56,0.11,0.58,0.11
357,Quellaveco,5.3,10.1,1.2,5,1,0.38,0.6,0.1,0.42,0.07,0.19,0.04,0.3,0.06
358,Quellaveco,17.3,35.4,3.98,15.3,2.65,0.75,2.01,0.24,1.29,0.2,0.64,0.07,0.66,0.07
359,Quellaveco,17.4,35.2,3.92,14.8,2.57,0.73,1.93,0.22,1.19,0.2,0.6,0.07,0.62,0.07
360,Quellaveco,17.4,37,4.33,15,2.67,0.74,1.65,0.28,1.22,0.22,0.6,0.1,0.64,0.11
361,Quellaveco,18.3,36.7,4.33,16.6,2.75,0.7,2.1,0.26,1.3,0.23,0.68,0.1,0.74,0.11
362,Quellaveco,17.2,34.4,4.01,16.1,2.62,0.71,1.98,0.25,1.26,0.23,0.67,0.1,0.68,0.11
363,Quellaveco,21,44.3,5.14,21.2,4.31,1.15,3.78,0.67,3.19,0.54,1.58,0.21,1.32,0.2
364,Quellaveco,19.8,42.8,5.19,20.5,3.62,0.99,2.52,0.43,1.84,0.29,0.82,0.12,0.81,0.14
365,Quellaveco,14.7,28.1,3.04,11.3,1.62,0.43,0.82,0.12,0.45,0.07,0.23,0.04,0.31,0.06
366,Quellaveco,14,27,2.98,10.9,1.72,0.53,1,0.15,0.64,0.11,0.29,0.05,0.35,0.07
367,Quellaveco,16.4,33.4,3.83,13.5,2.29,0.78,1.63,0.25,1.2,0.23,0.59,0.09,0.55,0.1
368,Quellaveco,17.1,34.8,3.97,16,2.72,0.75,2.04,0.24,1.37,0.22,0.67,0.08,0.68,0.09
369,Quellaveco,14.7,30.4,3.47,13.3,2.19,0.67,1.58,0.25,1.15,0.19,0.56,0.1,0.58,0.1
370,Quellaveco,10.4,20.4,2.08,6.8,0.93,0.21,0.6,0.12,0.67,0.14,0.45,0.08,0.52,0.09
371,Quellaveco,16.7,35.6,4.27,15.6,2.78,0.77,1.85,0.3,1.3,0.25,0.67,0.1,0.63,0.11
372,Quellaveco,17.9,36.7,4.46,15.5,2.86,0.79,1.76,0.27,1.2,0.2,0.49,0.07,0.5,0.08
373,Quellaveco,18.2,36.3,3.98,14.7,2.26,0.73,1.59,0.27,1.14,0.22,0.57,0.09,0.57,0.1
375,Yanacocha,19.2,38,4.5,17.8,3.2,1.1,3.1,0.5,2.6,0.5,1.4,0.2,1.3,0.2
376,Yanacocha,18.5,35,4.1,16,3.2,0.7,2.7,0.4,2.3,0.4,1.3,0.1,1.3,0.2
377,Yanacocha,21,41.5,5.2,21,4,1.2,3.4,0.5,2.9,0.5,1.4,0.2,1.5,0.2
378,Yanacocha,19.5,36,4.5,16.5,3.3,0.8,3.1,0.4,2.2,0.5,1.3,0.2,1.2,0.2
379,Yanacocha,24.5,48.5,5.8,21.5,3.9,1,3,0.4,2.2,0.3,1,0.1,1,0.1
380,Yanacocha,20.5,37.5,5,19.5,3.3,0.9,2.9,0.4,2.3,0.4,1.4,0.1,1.1,0.1
381,Yanacocha,20.7,39.9,4.8,18,3,0.9,2.4,0.3,1.6,0.3,0.8,0.1,0.7,0.1
382,Yanacocha,20,37.5,4.2,15.5,2.7,0.7,2.1,0.3,1.3,0.2,0.6,0.1,0.6,0.1
383,Yanacocha,NA,NA,NA,NA,NA,NA,NA,NA,NA,NA,NA,NA,NA,NA
384,Yanacocha,NA,NA,NA,NA,NA,NA,NA,NA,NA,NA,NA,NA,NA,NA
385,Yanacocha,NA,NA,NA,NA,NA,NA,NA,NA,NA,NA,NA,NA,NA,NA
386,Yanacocha,NA,NA,NA,NA,NA,NA,NA,NA,NA,NA,NA,NA,NA,NA
387,Yanacocha,NA,NA,NA,NA,NA,NA,NA,NA,NA,NA,NA,NA,NA,NA
388,Yanacocha,21.5,35.9,4.4,15.5,2.4,0.7,1.6,0.2,0.9,0.2,0.5,0.1,0.6,0.1
389,Yanacocha,22.8,42.3,5.2,19.3,3.6,1,2.2,0.4,1.7,0.3,0.9,0.2,1.1,0.2
390,Yanacocha,21,40.6,5,19.1,3.4,1.1,2.5,0.3,1.8,0.4,1,0.2,1.1,0.2
391,Yanacocha,18.7,35.1,4.2,15.5,2.4,0.8,1.6,0.2,1.2,0.2,0.5,0.1,0.6,0.1
392,Yanacocha,18.3,32.1,4,14,2.4,0.6,1.4,0.2,0.9,0.2,0.5,0.1,0.5,0.1
393,Yanacocha,30.2,47.3,7.2,29.3,5.9,1.9,5.8,0.7,4.8,1,3,0.5,2.7,0.5
394,Yanacocha,21.5,35.9,4.4,15.5,2.4,0.7,1.6,0.2,0.9,0.2,0.5,0.1,0.6,0.1
395,Yanacocha,31.7,53.4,8.1,35,7.1,2.5,6.2,0.8,5.4,1.1,2.8,0.5,2.8,0.5
396,Yanacocha,23.5,41,5.6,21.6,3.5,1,2.3,0.3,1.7,0.3,0.9,0.2,0.9,0.1
397,Yanacocha,20.6,39.7,5,18.8,3.1,0.9,2,0.3,1.4,0.3,0.7,0.1,0.6,0.1
398,Yanacocha,22.2,41.7,5.4,19.9,3.5,1.1,2.3,0.3,1.5,0.3,0.7,0.1,0.7,0.1
399,Yanacocha,17.8,32.5,4,14.8,2.5,0.7,1.7,0.2,1.1,0.2,0.5,0.1,0.6,0.1
400,Yanacocha,17.1,31,3.7,14.2,2.3,0.7,1.4,0.2,0.9,0.2,0.6,0.1,0.5,0.1
401,Yanacocha,18.6,33.1,3.9,13.3,2,0.6,1.1,0.2,0.9,0.2,0.5,0.1,0.6,0.1
402,Yanacocha,15.5,26.5,3,10.5,2,0.5,1.5,0.2,1,0.1,0.5,0.09,0.6,0.1
403,Yanacocha,20,37,4.4,16,2.6,0.7,2.2,0.3,1.4,0.2,0.6,0.09,0.6,0.1
404,Yanacocha,26.5,51,6.1,23,3.7,0.9,3.1,0.4,2,0.3,0.8,0.1,0.9,0.1
405,Yanacocha,21.5,38,5.1,18.5,3.6,0.8,2.7,0.4,1.8,0.3,0.9,0.1,0.7,0.1
406,Yanacocha,24,44,6,23,3.8,1.1,3.1,0.4,2.5,0.5,1.3,0.1,1.3,0.1
407,Yanacocha,21.5,44.5,5.1,20.5,3.7,1,2.6,0.4,2.1,0.3,1,0.1,0.8,0.1
408,Yanacocha,23.4,44.8,6.2,23.8,4.4,1.1,3.8,0.5,2.4,0.4,1.3,0.1,1.1,0.2
409,Yanacocha,21,43,5.2,19.5,3.6,1.1,2.9,0.4,1.9,0.3,0.9,0.1,0.9,0.1
410,Yanacocha,20.5,39,4.7,17,3.3,0.9,2.5,0.4,1.8,0.3,0.8,0.1,0.8,0.1
411,Yanacocha,20.5,37.5,4.7,18.5,3.2,1,2.4,0.3,1.6,0.3,0.8,0.1,0.8,0.1
412,Yanacocha,22.9,43.1,5,18.2,3.2,0.9,2.6,0.3,1.5,0.3,0.9,0.1,0.9,0.1
413,Yanacocha,24.5,48.5,5.8,21.5,3.9,1,3,0.4,2.2,0.3,1,0.1,1,0.1
414,Yanacocha,24.5,48.5,5.8,21.5,3.9,1,3,0.4,2.2,0.3,1,0.1,1,0.1
415,Yanacocha,20.5,37.5,5,19.5,3.3,0.9,2.9,0.4,2.3,0.4,1.4,0.1,1.1,0.1
416,Yanacocha,20.2,39.9,4.9,18.2,3.4,1,3,0.4,1.9,0.4,1.1,0.1,1,0.1
417,Yanacocha,27.5,56.5,6.7,27,4.7,1.2,4.1,0.5,3.2,0.6,1.6,0.3,1.7,0.2
418,Yanacocha,19.4,37.7,4.8,18.8,3.7,1.1,3.3,0.5,2.7,0.6,1.6,0.5,1.5,0.3
419,Yanacocha,17,34.5,4.4,17,3.7,0.9,3.3,0.5,2.6,0.5,1.5,0.2,1.2,0.2
420,Yanacocha,15,29.5,4,17,4.1,1,3.3,0.5,3.1,0.6,1.5,0.2,1.6,0.2
421,"Tampakan, Mindanao",22.37777035,46.35329966,6.202875689,24.05372713,4.69861016,1.424093273,4.105678845,0.567277656,2.935809204,0.603427406,1.671857559,NA,1.528159413,0.241239633
422,"Tampakan, Mindanao",21.11812925,46.47610524,6.109229048,24.43554226,4.757654548,1.35751242,3.748546141,0.529194396,2.661508894,0.570496264,1.585105107,NA,1.566666886,0.242305879
423,"Tampakan, Mindanao",19.65743474,42.21440306,5.450981102,21.49752275,4.364001002,1.31903086,3.839526536,0.59949229,3.088143857,0.677912685,1.901976658,NA,1.848110595,0.283376479
424,"Tampakan, Mindanao",18.78641185,39.00506892,4.749577193,18.59883422,3.384386291,0.929243377,2.612935099,0.365396679,2.04111487,0.416188304,1.1602477,0.168675959,1.157305662,0.184988901
425,"Tampakan, Mindanao",8.106002968,18.29580373,2.421088884,10.30369612,2.317948351,0.751368661,2.193559748,0.340343289,2.033438281,0.445386864,1.321158073,NA,1.325978766,0.214425925
426,"Tampakan, Mindanao",15.51551769,31.67403384,3.764892244,14.28831284,2.601379722,0.768996513,2.020667404,0.274900772,1.467869206,0.29101781,0.839825649,0.115890803,0.823140029,0.139760037
427,"Tampakan, Mindanao",12.00890393,25.02266189,3.155063763,12.13814115,2.392298305,0.730379613,1.988654944,0.284757568,1.516084929,0.311831968,0.872896991,NA,0.896764627,0.141547354
428,"Tampakan, Mindanao",14.43719138,29.09874359,3.422797952,13.42621138,2.509378666,0.85436237,2.017966125,0.284518804,1.503307339,0.30022677,0.821497384,NA,0.813136613,0.133011943
429,"Tampakan, Mindanao",13.54856766,28.67804682,3.720152751,14.96712287,2.998406223,1.018814199,2.823566558,0.433244131,2.492437797,0.547264426,1.586050394,NA,1.587663297,0.253109173
430,"Tampakan, Mindanao",16.79377291,34.22022556,4.24782926,17.00401482,3.519203088,1.11599334,3.199818069,0.479619235,2.674038355,0.560569743,1.589705723,NA,1.423555619,0.224929466
431,"Tampakan, Mindanao",15.69454087,31.78926146,4.594148287,19.73059361,4.415044183,1.331956304,4.243698577,0.626975392,3.521212475,0.718252686,1.982525434,NA,1.741796875,0.26863192
432,"Tampakan, Mindanao",15.57128641,32.00825941,4.165883529,16.57899707,3.43475893,1.045098923,3.072027802,0.466376157,2.632777359,0.528861456,1.530375307,NA,1.445935233,0.225294923
433,"Tampakan, Mindanao",16.09738199,34.06994202,4.25759975,16.62868562,3.216351638,0.923678507,2.653130936,0.384443937,2.164589273,0.465231235,1.335237266,NA,1.321809326,0.212212121
434,"Tampakan, Mindanao",15.30950048,30.49583207,3.651746763,13.88389086,2.677081057,0.62522988,2.25631211,0.332860435,1.888168644,0.4044254,1.237825637,0.174034246,1.256452497,0.19702351
435,"Tampakan, Mindanao",15.00002953,32.81259412,4.234685937,16.68501683,3.276331502,0.925270991,2.966370831,0.462664404,2.646107428,0.562313648,1.651927567,NA,1.579635285,0.258929929
436,"Tampakan, Mindanao",15.64615935,34.48518213,4.263106648,17.29063564,3.326611319,1.023680946,2.91771861,0.457227499,2.53357766,0.570900759,1.639998644,NA,1.629778715,0.265516188
437,"Tampakan, Mindanao",13.97747041,29.75667633,3.761820603,15.83756562,3.482353018,1.141928585,3.59155551,0.566119986,3.313346301,0.689269921,1.963338673,NA,1.805210367,0.283982279
438,"Tampakan, Mindanao",15.10014005,32.67497354,4.314922131,16.34893306,3.29877557,0.974666503,2.923177763,0.452568578,2.511624947,0.552043408,1.64373867,NA,1.625233238,0.254046994
439,"Tampakan, Mindanao",15.92255345,34.32324486,4.252112306,17.82958307,3.548633182,1.030503282,3.091482712,0.463479215,2.530276336,0.554236585,1.626658298,NA,1.588101761,0.254947626
440,"Tampakan, Mindanao",14.4440221,27.32840383,3.463891096,13.71398105,2.580377883,0.857181116,2.227388673,0.336457548,1.907030847,0.370925185,1.062085676,NA,1.025271368,0.17772616
441,"Tampakan, Mindanao",10.43058278,23.3740912,2.967819621,11.47714237,2.185825253,0.77338701,1.797207448,0.250812839,1.249059029,0.262642195,0.734781985,NA,0.701938574,0.106279462
442,"Tampakan, Mindanao",11.54247184,25.40671266,3.483336059,14.21291603,2.759975392,0.976307553,2.452316512,0.34804204,1.940814709,0.40718654,1.149068271,NA,1.08879273,0.173856353
443,"Tampakan, Mindanao",10.47506619,25.2044631,3.080832404,12.17931817,2.399676442,0.825641739,1.888584687,0.261791411,1.373627274,0.28347663,0.727830626,NA,0.699894811,0.11027826
444,"Tampakan, Mindanao",11.55671317,25.30415561,3.243612267,13.79638863,2.704134814,0.894655583,2.296755152,0.349836686,1.799867674,0.391986325,1.085447408,NA,1.048295968,0.166307823
445,"Tampakan, Mindanao",17.3344688,34.42643026,4.71356572,19.32632545,3.747889314,1.09319632,3.015806401,0.428692132,2.308777181,0.491634564,1.390274841,NA,1.314579671,0.213840462
446,"Tampakan, Mindanao",12.1359705,25.31380559,3.050141811,11.92355324,2.428312937,0.790680551,2.1768444,0.363783204,2.038267475,0.441139112,1.275434165,NA,1.424364738,0.21993523
447,"Tampakan, Mindanao",13.23412098,26.49239652,3.889814645,14.08713804,2.781614985,0.99116873,2.512844178,0.417894479,2.060961062,0.498247368,1.435887875,NA,1.375444717,0.218548281
448,"Tampakan, Mindanao",20.59162113,32.51996541,5.969140816,24.55385219,4.837722623,1.51204656,4.416605112,0.667382689,3.690749202,0.739966903,2.099814243,0.294532069,2.056741504,0.315038665
449,"Tampakan, Mindanao",13.4,28,NA,16,NA,0.9,NA,NA,2.6,NA,1.5,NA,1.45,NA
450,"Tampakan, Mindanao",12.2,27,NA,15,NA,0.9,NA,NA,1.9,NA,1.2,NA,1.05,NA
451,"Tampakan, Mindanao",11.4,24,NA,14,NA,0.75,NA,NA,1.5,NA,0.8,NA,0.62,NA
452,"Tampakan, Mindanao",16.2,36,NA,19,NA,0.95,NA,NA,2.9,NA,1.6,NA,1.55,NA
453,"Lepanto-Far Southeast, Luzon",9.6,20.4,NA,13.2,2.6,1.15,2.8,0.5,3.3,0.69,1.9,0.4,1.7,0.37
454,"Lepanto-Far Southeast, Luzon",6.6,15,NA,8,1.8,0.6,1.9,0.3,2,NA,NA,NA,1.07,0.16
455,"Lepanto-Far Southeast, Luzon",7.6,16,NA,8,1.81,0.6,1.3,0.2,1.4,NA,NA,NA,0.95,0.14
456,"Lepanto-Far Southeast, Luzon",6.5,14,NA,8,1.84,0.61,1.8,0.3,2,NA,NA,NA,1.1,0.17
457,"Lepanto-Far Southeast, Luzon",12.5,18,NA,16,3.22,1.03,2.5,0.4,2.3,NA,NA,NA,1.74,0.27
458,"Lepanto-Far Southeast, Luzon",9.6,17,NA,10,2.2,0.7,1.1,0.3,2.3,NA,NA,NA,1.29,0.21
459,"Lepanto-Far Southeast, Luzon",5.9,13,NA,7,1.58,0.56,1.6,0.3,1.5,NA,NA,NA,0.93,0.13
460,"Lepanto-Far Southeast, Luzon",6,13,NA,6,1.43,0.51,1.2,0.2,1.2,NA,NA,NA,0.71,0.11
461,"Lepanto-Far Southeast, Luzon",7.9,17,NA,10,2.24,0.74,1.9,0.3,2.1,NA,NA,NA,1.11,0.17
462,"Lepanto-Far Southeast, Luzon",6,13.2,NA,NA,NA,NA,NA,NA,NA,NA,NA,NA,NA,NA
463,"Lepanto-Far Southeast, Luzon",9.2,22,NA,NA,NA,NA,NA,NA,NA,NA,NA,NA,NA,NA
464,"Lepanto-Far Southeast, Luzon",5.4,12,NA,NA,NA,NA,NA,NA,NA,NA,NA,NA,NA,NA
465,"Lepanto-Far Southeast, Luzon",9,24,NA,NA,NA,NA,NA,NA,NA,NA,NA,NA,NA,NA
466,"Batu Hijau, Sumbawa",3.15,7.2,0.91,3.95,0.86,0.398,0.92,0.15,0.85,0.19,0.59,0.084,0.56,0.098
467,"Batu Hijau, Sumbawa",4.65,10.1,1.27,5.59,1.17,0.473,1.23,0.18,1.06,0.22,0.68,0.1,0.71,0.111
468,"Batu Hijau, Sumbawa",6.48,15,1.9,8.58,1.83,0.614,1.82,0.27,1.5,0.31,0.94,0.145,1,0.175
469,"Batu Hijau, Sumbawa",8,18,2.19,9.48,1.97,0.613,1.91,0.28,1.62,0.33,1.04,0.165,1.14,0.202
470,"Batu Hijau, Sumbawa",5.33,11.7,1.39,6.06,1.4,0.478,1.22,0.2,1.16,0.25,0.74,0.122,0.82,0.137
471,"Batu Hijau, Sumbawa",2,11,NA,7,NA,NA,NA,NA,NA,NA,NA,NA,NA,NA
472,"Batu Hijau, Sumbawa",4,17,NA,6,NA,NA,NA,NA,NA,NA,NA,NA,NA,NA
473,"Batu Hijau, Sumbawa",5,15,NA,6,NA,NA,NA,NA,NA,NA,NA,NA,NA,NA
474,"Batu Hijau, Sumbawa",3,12,NA,6,NA,NA,NA,NA,NA,NA,NA,NA,NA,NA
475,"Batu Hijau, Sumbawa",6,14,NA,8,NA,NA,NA,NA,NA,NA,NA,NA,NA,NA
476,"Batu Hijau, Sumbawa",4,12,NA,6,NA,NA,NA,NA,NA,NA,NA,NA,NA,NA
477,"Batu Hijau, Sumbawa",5,21,NA,12,NA,NA,NA,NA,NA,NA,NA,NA,NA,NA
478,"Batu Hijau, Sumbawa",8,24,NA,10,NA,NA,NA,NA,NA,NA,NA,NA,NA,NA
479,"Batu Hijau, Sumbawa",8,25,NA,11,NA,NA,NA,NA,NA,NA,NA,NA,NA,NA
480,"Batu Hijau, Sumbawa",2.05,5.4,0.78,4.15,1.34,0.609,1.68,0.29,1.86,0.4,1.13,0.172,1.08,0.171
481,"Batu Hijau, Sumbawa",4.64,10.8,1.57,8.12,2.47,0.915,2.78,0.51,3.08,0.61,1.82,0.279,1.68,0.251
482,"Batu Hijau, Sumbawa",9.54,21,2.674,11.5,2.48,0.777,2.42,0.36,1.96,0.39,1.24,0.18,1.15,0.187
483,"Batu Hijau, Sumbawa",12.1,27,3.338,14,3.37,0.728,3.57,0.61,3.68,0.76,2.45,0.39,2.59,0.405
484,"Batu Hijau, Sumbawa",8.1,16.9,2.054,8.65,1.99,0.675,1.96,0.32,1.73,0.34,1.04,0.157,1.09,0.171
485,"Batu Hijau, Sumbawa",8.42,18.3,2.201,9.11,2.07,0.718,2.2,0.33,1.85,0.38,1.13,0.164,1.06,0.185
486,"Batu Hijau, Sumbawa",8,18,2.19,9.48,1.97,0.613,1.91,0.28,1.62,0.33,1.04,0.165,1.14,0.202
487,"Batu Hijau, Sumbawa",7.25,15.94,1.94,8.59,1.8,0.58,1.7,2.56,14.39,2.96,0.93,1.46,1.01,0.17
488,"Batu Hijau, Sumbawa",8.96,19.39,2.34,10.79,2.46,0.8,2.36,0.37,2.15,0.44,1.39,0.2,1.33,0.2
489,"Batu Hijau, Sumbawa",6.5,13.5,1.82,7.4,1.48,0.56,1.25,0.2,1.2,0.24,0.62,0.11,0.76,0.14
490,"Batu Hijau, Sumbawa",3.1,6.3,0.85,3.5,0.81,0.25,0.83,0.11,0.73,0.14,0.44,0.07,0.5,0.08
491,"Panguna, Bougainville",12,26,NA,9,NA,NA,NA,NA,NA,NA,NA,NA,NA,NA
492,"Panguna, Bougainville",4,22,NA,11,NA,NA,NA,NA,NA,NA,NA,NA,NA,NA
493,"Panguna, Bougainville",9.2,17.5,2.28,8.92,1.58,0.56,1.6,0.24,1.54,0.32,0.99,0.126,1.06,0.184
494,"Panguna, Bougainville",8.4,17.5,2,8.5,1.68,0.56,1.62,0.28,1.51,0.34,1.02,0.1275,1.14,0.213
495,"Panguna, Bougainville",9,20,NA,NA,NA,NA,NA,NA,NA,NA,NA,NA,NA,NA
496,"Panguna, Bougainville",8,13,NA,NA,NA,NA,NA,NA,NA,NA,NA,NA,NA,NA
497,"Panguna, Bougainville",6,25,NA,NA,NA,NA,NA,NA,NA,NA,NA,NA,NA,NA
498,"Panguna, Bougainville",9,14,NA,NA,NA,NA,NA,NA,NA,NA,NA,NA,NA,NA
499,"Panguna, Bougainville",8,18,NA,NA,NA,NA,NA,NA,NA,NA,NA,NA,NA,NA
500,"Panguna, Bougainville",3,6,NA,NA,NA,NA,NA,NA,NA,NA,NA,NA,NA,NA
501,"Panguna, Bougainville",NA,NA,NA,NA,NA,NA,NA,NA,NA,NA,NA,NA,NA,NA
502,"Panguna, Bougainville",9,18,NA,13,3.3,1.1,NA,0.6,NA,0.6,NA,NA,2.5,0.4
503,"Panguna, Bougainville",10,15,NA,11,NA,NA,NA,NA,NA,NA,NA,NA,NA,NA
504,"Panguna, Bougainville",9,15,NA,11,NA,NA,NA,NA,NA,NA,NA,NA,NA,NA
505,"Panguna, Bougainville",9,18,NA,NA,NA,NA,NA,NA,NA,NA,NA,NA,NA,NA
506,"Panguna, Bougainville",8,19,NA,NA,NA,NA,NA,NA,NA,NA,NA,NA,NA,NA
507,"Panguna, Bougainville",4,10,NA,NA,NA,NA,NA,NA,NA,NA,NA,NA,NA,NA
508,"Panguna, Bougainville",11,21,NA,NA,NA,NA,NA,NA,NA,NA,NA,NA,NA,NA
509,"Panguna, Bougainville",7,20,NA,12,NA,NA,NA,NA,NA,NA,NA,NA,NA,NA
510,"Panguna, Bougainville",6,13,NA,11,NA,NA,NA,NA,NA,NA,NA,NA,NA,NA
511,"Panguna, Bougainville",11.2,26.1,3.01,12.7,2.65,0.87,2.74,0.42,2.58,0.57,1.68,0.217,1.81,0.323
512,"Panguna, Bougainville",10,21,NA,NA,NA,NA,NA,NA,NA,NA,NA,NA,NA,NA
513,"Panguna, Bougainville",10,22,NA,NA,NA,NA,NA,NA,NA,NA,NA,NA,NA,NA
514,"Panguna, Bougainville",11,22,NA,NA,NA,NA,NA,NA,NA,NA,NA,NA,NA,NA
515,"Panguna, Bougainville",NA,NA,NA,NA,NA,NA,NA,NA,NA,NA,NA,NA,NA,NA
516,"Panguna, Bougainville",NA,NA,NA,NA,NA,NA,NA,NA,NA,NA,NA,NA,NA,NA
543,"Bingham Canyon, Utah",NA,NA,NA,NA,NA,NA,NA,NA,NA,NA,NA,NA,NA,NA
544,"Bingham Canyon, Utah",62,113,3.6,47.5,7.4,1.6,5.9,0.8,3.6,0.7,1.7,0.3,1.7,0.3
545,"Bingham Canyon, Utah",NA,NA,NA,NA,NA,NA,NA,NA,NA,NA,NA,NA,NA,NA
546,"Bingham Canyon, Utah",NA,NA,NA,NA,NA,NA,NA,NA,NA,NA,NA,NA,NA,NA
547,"Bingham Canyon, Utah",NA,NA,NA,NA,NA,NA,NA,NA,NA,NA,NA,NA,NA,NA
548,"Bingham Canyon, Utah",NA,NA,NA,NA,NA,NA,NA,NA,NA,NA,NA,NA,NA,NA
549,"Bingham Canyon, Utah",68,113,NA,51,10,NA,NA,NA,NA,NA,NA,NA,NA,NA
550,"Bingham Canyon, Utah",69,125,NA,53,10,NA,NA,NA,NA,NA,NA,NA,NA,NA
551,"Bingham Canyon, Utah",62,121,NA,51,9,NA,NA,NA,NA,NA,NA,NA,NA,NA
552,"Bingham Canyon, Utah",66,122,NA,54,10,NA,NA,NA,NA,NA,NA,NA,NA,NA
553,"Bingham Canyon, Utah",71,126,NA,51,9,NA,NA,NA,NA,NA,NA,NA,NA,NA
554,"Bingham Canyon, Utah",67,126,NA,52,10,NA,NA,NA,NA,NA,NA,NA,NA,NA
555,"Bingham Canyon, Utah",64,119,NA,55,10,NA,NA,NA,NA,NA,NA,NA,NA,NA
556,"Bingham Canyon, Utah",65,121,NA,52,9,NA,NA,NA,NA,NA,NA,NA,NA,NA
557,"Bingham Canyon, Utah",67,116,NA,48,9,NA,NA,NA,NA,NA,NA,NA,NA,NA
558,"Bingham Canyon, Utah",50,100,NA,45,8,NA,NA,NA,NA,NA,NA,NA,NA,NA
559,"Bingham Canyon, Utah",NA,NA,NA,NA,NA,NA,NA,NA,NA,NA,NA,NA,NA,NA
560,"Bingham Canyon, Utah",NA,NA,NA,NA,NA,NA,NA,NA,NA,NA,NA,NA,NA,NA
561,"Bingham Canyon, Utah",67,119,4.6,52,8.5,1.9,6.6,1,3.8,0.8,1.9,0.3,2,0.3
562,"Bingham Canyon, Utah",NA,NA,NA,NA,NA,NA,NA,NA,NA,NA,NA,NA,NA,NA
563,"Bingham Canyon, Utah",NA,NA,NA,NA,NA,NA,NA,NA,NA,NA,NA,NA,NA,NA
564,"Bingham Canyon, Utah",NA,NA,NA,NA,NA,NA,NA,NA,NA,NA,NA,NA,NA,NA
565,"Bingham Canyon, Utah",NA,NA,NA,NA,NA,NA,NA,NA,NA,NA,NA,NA,NA,NA
566,"Bingham Canyon, Utah",67.5,125.5,4.7,51,7.6,1.6,5.4,0.8,3.2,0.6,1.6,0.2,1.5,0.2
567,"Bingham Canyon, Utah",73,125.5,14.8,48.5,7.4,1.5,6,0.7,2.9,0.5,1.3,0.2,1.2,0.1
568,"Bingham Canyon, Utah",NA,NA,NA,NA,NA,NA,NA,NA,NA,NA,NA,NA,NA,NA
569,"Bingham Canyon, Utah",NA,NA,NA,NA,NA,NA,NA,NA,NA,NA,NA,NA,NA,NA
570,"Bingham Canyon, Utah",63.5,104.5,11.6,40,5.4,1.5,4.8,0.6,2.6,0.4,1.3,0.1,1.4,0.1
571,"Bingham Canyon, Utah",79,134.5,14.7,48,7.3,1.7,5.4,0.7,3.1,0.6,1.4,0.1,1.5,0.1
572,"Bingham Canyon, Utah",NA,NA,NA,NA,NA,NA,NA,NA,NA,NA,NA,NA,NA,NA
573,"Bingham Canyon, Utah",NA,NA,NA,NA,NA,NA,NA,NA,NA,NA,NA,NA,NA,NA
574,"Bingham Canyon, Utah",NA,NA,NA,NA,NA,NA,NA,NA,NA,NA,NA,NA,NA,NA
575,"Bingham Canyon, Utah",NA,NA,NA,NA,NA,NA,NA,NA,NA,NA,NA,NA,NA,NA
576,"Bingham Canyon, Utah",NA,NA,NA,NA,NA,NA,NA,NA,NA,NA,NA,NA,NA,NA
577,"Bingham Canyon, Utah",67.5,123,13.9,50.5,7.8,2,6.8,0.9,3.9,0.7,2.1,0.3,1.8,0.3
578,"Bingham Canyon, Utah",62,113,3.6,47.5,7.4,1.6,5.9,0.8,3.6,0.7,1.7,0.3,1.7,0.3
579,"Bingham Canyon, Utah",65,114,12.6,43,7,1.8,7.1,0.8,3.3,0.6,1.5,0.2,1.5,0.2
580,"Bingham Canyon, Utah",NA,NA,NA,NA,NA,NA,NA,NA,NA,NA,NA,NA,NA,NA
581,"Bingham Canyon, Utah",68,123,13.1,44.5,6.5,1.8,5.6,0.7,3.4,0.6,1.5,0.2,1.7,0.3
582,"Bingham Canyon, Utah",NA,NA,NA,NA,NA,NA,NA,NA,NA,NA,NA,NA,NA,NA
583,"Bingham Canyon, Utah",NA,NA,NA,NA,NA,NA,NA,NA,NA,NA,NA,NA,NA,NA
584,"Bingham Canyon, Utah",61.5,111.5,11.9,40.5,6.1,1.7,5.5,0.8,3.4,0.6,1.8,0.2,1.5,0.2
585,"Bingham Canyon, Utah",67,118,12.1,42.5,6.4,1.7,5.4,0.7,3.2,0.6,1.7,0.2,1.3,0.2
586,"Bingham Canyon, Utah",NA,NA,NA,NA,NA,NA,NA,NA,NA,NA,NA,NA,NA,NA
587,"Bingham Canyon, Utah",65.5,125,13.2,48,8,2,7.4,0.9,4.2,0.7,2.2,0.3,1.8,0.3
588,"Bingham Canyon, Utah",NA,NA,NA,NA,NA,NA,NA,NA,NA,NA,NA,NA,NA,NA
589,"Bingham Canyon, Utah",63.5,115,12.4,42.5,6.7,1.8,5.5,0.7,3.1,0.6,1.7,0.1,1.5,0.2
590,"Bingham Canyon, Utah",60.5,104.5,11.3,38,5.7,1.4,4.3,0.6,2.4,0.4,1.2,0.1,1,0.1
591,"Bingham Canyon, Utah",NA,NA,NA,NA,NA,NA,NA,NA,NA,NA,NA,NA,NA,NA
592,"Bingham Canyon, Utah",NA,NA,NA,NA,NA,NA,NA,NA,NA,NA,NA,NA,NA,NA
593,"Bingham Canyon, Utah",47.5,90,1.1,42.5,7,1.6,5.7,0.8,3.5,0.7,1.9,0.3,1.7,0.3
594,"Bingham Canyon, Utah",NA,NA,NA,NA,NA,NA,NA,NA,NA,NA,NA,NA,NA,NA
595,"Bingham Canyon, Utah",NA,NA,NA,NA,NA,NA,NA,NA,NA,NA,NA,NA,NA,NA
596,"Bingham Canyon, Utah",NA,NA,NA,NA,NA,NA,NA,NA,NA,NA,NA,NA,NA,NA
597,"Bingham Canyon, Utah",NA,NA,NA,NA,NA,NA,NA,NA,NA,NA,NA,NA,NA,NA
598,"Bingham Canyon, Utah",47.5,90,1.1,42.5,7,1.6,5.7,0.8,3.5,0.7,1.9,0.3,1.7,0.3
599,"Bingham Canyon, Utah",NA,NA,NA,NA,NA,NA,NA,NA,NA,NA,NA,NA,NA,NA
600,"Bingham Canyon, Utah",NA,NA,NA,NA,NA,NA,NA,NA,NA,NA,NA,NA,NA,NA
601,"Bingham Canyon, Utah",NA,NA,NA,NA,NA,NA,NA,NA,NA,NA,NA,NA,NA,NA
602,"Bingham Canyon, Utah",NA,NA,NA,NA,NA,NA,NA,NA,NA,NA,NA,NA,NA,NA
603,"Bingham Canyon, Utah",NA,NA,NA,NA,NA,NA,NA,NA,NA,NA,NA,NA,NA,NA
604,"Bingham Canyon, Utah",NA,NA,NA,NA,NA,NA,NA,NA,NA,NA,NA,NA,NA,NA
605,"Bingham Canyon, Utah",NA,NA,NA,NA,NA,NA,NA,NA,NA,NA,NA,NA,NA,NA
606,"Bingham Canyon, Utah",NA,NA,NA,NA,NA,NA,NA,NA,NA,NA,NA,NA,NA,NA
607,"Bingham Canyon, Utah",NA,NA,NA,NA,NA,NA,NA,NA,NA,NA,NA,NA,NA,NA
608,"Bingham Canyon, Utah",NA,NA,NA,NA,NA,NA,NA,NA,NA,NA,NA,NA,NA,NA
609,"Bingham Canyon, Utah",NA,NA,NA,NA,NA,NA,NA,NA,NA,NA,NA,NA,NA,NA
610,"Bingham Canyon, Utah",NA,NA,NA,NA,NA,NA,NA,NA,NA,NA,NA,NA,NA,NA
611,"Bingham Canyon, Utah",NA,NA,NA,NA,NA,NA,NA,NA,NA,NA,NA,NA,NA,NA
612,"Bingham Canyon, Utah",57.5,110,4.2,53,9.1,1.9,7.2,1,4.6,1,2.4,0.4,2.4,0.4
613,"Bingham Canyon, Utah",NA,NA,NA,NA,NA,NA,NA,NA,NA,NA,NA,NA,NA,NA
614,"Bingham Canyon, Utah",NA,NA,NA,NA,NA,NA,NA,NA,NA,NA,NA,NA,NA,NA
615,"Bingham Canyon, Utah",2.34,NA,NA,NA,NA,NA,NA,NA,NA,NA,NA,NA,NA,NA
616,"Bingham Canyon, Utah",NA,NA,NA,NA,NA,NA,NA,NA,NA,NA,NA,NA,NA,NA
617,"Bingham Canyon, Utah",NA,NA,NA,NA,NA,NA,NA,NA,NA,NA,NA,NA,NA,NA
618,"Bingham Canyon, Utah",NA,NA,NA,NA,NA,NA,NA,NA,NA,NA,NA,NA,NA,NA
619,"Bingham Canyon, Utah",NA,NA,NA,NA,NA,NA,NA,NA,NA,NA,NA,NA,NA,NA
620,"Tintic District, Utah",64,140,NA,59,9,NA,NA,NA,NA,NA,NA,NA,NA,NA
621,"Tintic District, Utah",57,114,NA,52,9,NA,NA,NA,NA,NA,NA,NA,NA,NA
622,"Tintic District, Utah",48,97,NA,49,8,NA,NA,NA,NA,NA,NA,NA,NA,NA
623,"Tintic District, Utah",48,102,NA,45,8,NA,NA,NA,NA,NA,NA,NA,NA,NA
624,"Tintic District, Utah",73,134,NA,59,10,NA,NA,NA,NA,NA,NA,NA,NA,NA
625,"Tintic District, Utah",72,137,NA,58,9,NA,NA,NA,NA,NA,NA,NA,NA,NA
626,"Tintic District, Utah",72,135,NA,57,10,NA,NA,NA,NA,NA,NA,NA,NA,NA
627,"Tintic District, Utah",66,131,NA,59,9,NA,NA,NA,NA,NA,NA,NA,NA,NA
628,"Tintic District, Utah",71,131,NA,57,10,NA,NA,NA,NA,NA,NA,NA,NA,NA
629,"Tintic District, Utah",66,131,NA,56,9,NA,NA,NA,NA,NA,NA,NA,NA,NA
630,"Battle Mtn District, Nevada",31,60,NA,NA,NA,NA,NA,NA,NA,NA,NA,NA,NA,NA
631,"Battle Mtn District, Nevada",17,47,NA,NA,NA,NA,NA,NA,NA,NA,NA,NA,NA,NA
632,"Battle Mtn District, Nevada",15.2,30.1,NA,NA,NA,NA,NA,NA,NA,NA,NA,NA,NA,NA
633,"Battle Mtn District, Nevada",14,31,NA,NA,NA,NA,NA,NA,NA,NA,NA,NA,NA,NA
634,"Battle Mtn District, Nevada",39,0,NA,NA,NA,NA,NA,NA,NA,NA,NA,NA,NA,NA
635,"Battle Mtn District, Nevada",17.4,37.2,NA,NA,NA,NA,NA,NA,NA,NA,NA,NA,NA,NA
636,"Battle Mtn District, Nevada",29,0,NA,NA,NA,NA,NA,NA,NA,NA,NA,NA,NA,NA
637,"Battle Mtn District, Nevada",NA,39,NA,NA,NA,NA,NA,NA,NA,NA,NA,NA,NA,NA
638,"Battle Mtn District, Nevada",NA,NA,NA,NA,NA,NA,NA,NA,NA,NA,NA,NA,NA,NA
639,"Battle Mtn District, Nevada",NA,57,NA,NA,NA,NA,NA,NA,NA,NA,NA,NA,NA,NA
640,"Battle Mtn District, Nevada",NA,34,NA,NA,NA,NA,NA,NA,NA,NA,NA,NA,NA,NA
641,"Battle Mtn District, Nevada",12.8,26,NA,NA,NA,NA,NA,NA,NA,NA,NA,NA,NA,NA
642,"Battle Mtn District, Nevada",NA,54,NA,NA,NA,NA,NA,NA,NA,NA,NA,NA,NA,NA
643,"Battle Mtn District, Nevada",14.6,29,NA,NA,NA,NA,NA,NA,NA,NA,NA,NA,NA,NA
644,"Battle Mtn District, Nevada",23.2,47.4,NA,NA,NA,NA,NA,NA,NA,NA,NA,NA,NA,NA
645,"Battle Mtn District, Nevada",21.2,41,NA,NA,NA,NA,NA,NA,NA,NA,NA,NA,NA,NA
646,"Battle Mtn District, Nevada",13,0,NA,NA,NA,NA,NA,NA,NA,NA,NA,NA,NA,NA
647,"Battle Mtn District, Nevada",11.648056,22.380645,NA,NA,NA,NA,NA,NA,NA,NA,NA,NA,NA,NA
648,"Battle Mtn District, Nevada",15.1,29.8,NA,NA,NA,NA,NA,NA,NA,NA,NA,NA,NA,NA
649,"Battle Mtn District, Nevada",12,28,NA,NA,NA,NA,NA,NA,NA,NA,NA,NA,NA,NA
650,"Battle Mtn District, Nevada",17.8,34.9,NA,NA,NA,NA,NA,NA,NA,NA,NA,NA,NA,NA
651,"Battle Mtn District, Nevada",6.4,13.2,NA,NA,NA,NA,NA,NA,NA,NA,NA,NA,NA,NA
652,"Battle Mtn District, Nevada",10.8,19,NA,NA,NA,NA,NA,NA,NA,NA,NA,NA,NA,NA
653,"Battle Mtn District, Nevada",19.7,35,NA,NA,NA,NA,NA,NA,NA,NA,NA,NA,NA,NA
654,"Battle Mtn District, Nevada",20.6,44.8,NA,NA,NA,NA,NA,NA,NA,NA,NA,NA,NA,NA
655,"Battle Mtn District, Nevada",11.6,33.5,NA,NA,NA,NA,NA,NA,NA,NA,NA,NA,NA,NA
656,"Battle Mtn District, Nevada",19,37,NA,NA,NA,NA,NA,NA,NA,NA,NA,NA,NA,NA
657,"Battle Mtn District, Nevada",21.3,40.3,NA,NA,NA,NA,NA,NA,NA,NA,NA,NA,NA,NA
658,"Battle Mtn District, Nevada",13.9,31.9,NA,NA,NA,NA,NA,NA,NA,NA,NA,NA,NA,NA
659,"Battle Mtn District, Nevada",16.6,37.6,NA,NA,NA,NA,NA,NA,NA,NA,NA,NA,NA,NA
660,"Battle Mtn District, Nevada",15.8,34.3,NA,NA,NA,NA,NA,NA,NA,NA,NA,NA,NA,NA
661,"Battle Mtn District, Nevada",25.5,52.2,NA,NA,NA,NA,NA,NA,NA,NA,NA,NA,NA,NA
662,"Battle Mtn District, Nevada",19,34,NA,NA,NA,NA,NA,NA,NA,NA,NA,NA,NA,NA
663,"Battle Mtn District, Nevada",9.6,20.8,NA,NA,NA,NA,NA,NA,NA,NA,NA,NA,NA,NA
664,"Battle Mtn District, Nevada",11,23.5,NA,NA,NA,NA,NA,NA,NA,NA,NA,NA,NA,NA
665,"Battle Mtn District, Nevada",18,37.4,NA,NA,NA,NA,NA,NA,NA,NA,NA,NA,NA,NA
666,"Battle Mtn District, Nevada",29.7,55.5,NA,NA,NA,NA,NA,NA,NA,NA,NA,NA,NA,NA
667,"Battle Mtn District, Nevada",NA,53,NA,NA,NA,NA,NA,NA,NA,NA,NA,NA,NA,NA
668,"Battle Mtn District, Nevada",7,29,NA,NA,NA,NA,NA,NA,NA,NA,NA,NA,NA,NA
669,"Battle Mtn District, Nevada",13,25,NA,NA,NA,NA,NA,NA,NA,NA,NA,NA,NA,NA
670,"Battle Mtn District, Nevada",NA,NA,NA,NA,NA,NA,NA,NA,NA,NA,NA,NA,NA,NA
671,"Battle Mtn District, Nevada",17.8,33.3,3.98,15,2.77,0.59,2.15,0.32,1.8,0.38,1.1,0.17,1.1,0.18
672,"Battle Mtn District, Nevada",18.8,35.8,4.35,16.5,3.09,0.85,2.38,0.35,1.98,0.41,1.17,0.18,1.17,0.19
673,"Battle Mtn District, Nevada",6,16,2.41,9.8,2.69,0.66,2.44,0.38,2.21,0.44,1.35,0.21,1.4,0.23
674,"Battle Mtn District, Nevada",19.2,37,4.44,15.7,3.08,0.87,2.54,0.35,2.01,0.4,1.21,0.19,1.31,0.22
675,"Battle Mtn District, Nevada",17.1,33.3,4.02,14.4,2.86,0.79,2.48,0.37,2.14,0.44,1.32,0.2,1.39,0.24
676,"Battle Mtn District, Nevada",15.4,30.4,3.61,13.3,2.72,0.75,2.21,0.32,1.78,0.35,1.02,0.15,1,0.17
677,"Battle Mtn District, Nevada",9.5,21.9,3.04,12.9,2.81,0.78,2.54,0.38,2.13,0.43,1.28,0.19,1.29,0.21
678,"Battle Mtn District, Nevada",14.4,29.2,3.82,14.3,2.75,0.71,1.98,0.3,1.58,0.32,0.95,0.14,0.96,0.15
679,"Battle Mtn District, Nevada",82.3,146.5,16.05,53.2,6.76,1.06,3.79,0.46,2.34,0.43,1.26,0.19,1.26,0.19
680,"Battle Mtn District, Nevada",11.9,24.6,3.32,14.3,3.22,0.92,2.88,0.44,2.5,0.51,1.5,0.23,1.51,0.22
681,"Battle Mtn District, Nevada",16.3,29.7,3.17,11.3,2.04,0.54,1.79,0.28,1.59,0.32,0.95,0.15,0.99,0.15
682,"Battle Mtn District, Nevada",29.6,45.8,6.44,24.5,4.25,1.15,3.26,0.44,2.36,0.47,1.38,0.21,1.32,0.22
683,"Battle Mtn District, Nevada",25.6,49.3,5.94,23.9,4.65,1.39,4.29,0.62,3.68,0.74,2.08,0.31,1.86,0.29
684,"Battle Mtn District, Nevada",31.5,58,6.86,26,4.6,1.48,3.64,0.51,2.9,0.58,1.72,0.26,1.74,0.27
685,"Alumbrera, Argentina",20.659,43.956,5.355,22.307,5.009,1.433,4.682,0.686,4.07,0.765,2.114,0.297,1.735,0.246
686,"Alumbrera, Argentina",NA,41,NA,NA,NA,NA,NA,NA,NA,NA,NA,NA,NA,NA
687,"Alumbrera, Argentina",NA,57,NA,NA,NA,NA,NA,NA,NA,NA,NA,NA,NA,NA
688,"Alumbrera, Argentina",NA,42,NA,NA,NA,NA,NA,NA,NA,NA,NA,NA,NA,NA
689,"Alumbrera, Argentina",NA,65,NA,NA,NA,NA,NA,NA,NA,NA,NA,NA,NA,NA
690,"Alumbrera, Argentina",27.31,52.67,NA,NA,NA,NA,NA,0.59,NA,0.66,NA,NA,NA,0.37
691,"Alumbrera, Argentina",31.53,58.91,NA,NA,NA,NA,NA,0.7,NA,0.88,NA,NA,NA,0.41
692,"Alumbrera, Argentina",32.78,59.56,NA,NA,NA,NA,NA,0.78,NA,0.64,NA,NA,NA,0.31
693,"Alumbrera, Argentina",22.3,43.92,NA,NA,NA,NA,NA,0.49,NA,0.83,NA,NA,NA,0.3
694,"Alumbrera, Argentina",30.53,58.01,NA,NA,NA,NA,NA,0.56,NA,0.79,NA,NA,NA,0.34
695,"Alumbrera, Argentina",29.567,59.848,6.94,26.352,4.735,1.404,4.469,0.657,3.793,0.755,2.045,0.318,1.925,0.285
696,"Alumbrera, Argentina",19.489,42.825,5.709,24.346,5.518,1.728,5.509,0.778,4.632,0.89,2.475,0.324,2.033,0.296
697,"Alumbrera, Argentina",27.482,49.647,5.358,19.125,3.442,0.901,2.863,0.407,2.422,0.465,1.384,0.212,1.388,0.204
698,"Alumbrera, Argentina",24.035,44.663,4.902,17.719,3.362,0.973,2.949,0.418,2.477,0.478,1.254,0.179,1.146,0.175
699,"Alumbrera, Argentina",NA,27,NA,NA,NA,NA,NA,NA,NA,NA,NA,NA,NA,NA
700,"Alumbrera, Argentina",26,65,NA,NA,NA,NA,NA,NA,NA,NA,NA,NA,NA,NA
701,"Alumbrera, Argentina",33,60,NA,NA,5.4,1.2,NA,NA,NA,NA,NA,NA,1.7,NA
702,"Alumbrera, Argentina",NA,NA,NA,NA,NA,NA,NA,NA,NA,NA,NA,NA,NA,NA
703,"Alumbrera, Argentina",14,34,NA,21.45433,4.343624,NA,NA,NA,NA,NA,NA,NA,NA,NA
704,"Alumbrera, Argentina",13,38,NA,21.845517,3.636691,NA,NA,NA,NA,NA,NA,NA,NA,NA
705,"Alumbrera, Argentina",27,62,NA,18,NA,NA,NA,NA,NA,NA,NA,NA,NA,NA
706,"Alumbrera, Argentina",16,33,NA,17.57873,3.383316,NA,NA,NA,NA,NA,NA,NA,NA,NA
707,"Alumbrera, Argentina",18,46,NA,NA,NA,NA,NA,NA,NA,NA,NA,NA,NA,NA
708,"Alumbrera, Argentina",15,37,NA,NA,NA,NA,NA,NA,NA,NA,NA,NA,NA,NA
709,"Alumbrera, Argentina",15,50,NA,27.58602,5.625429,NA,NA,NA,NA,NA,NA,NA,NA,NA
710,"Alumbrera, Argentina",14,NA,NA,NA,NA,NA,NA,NA,NA,NA,NA,NA,NA,NA
711,"Alumbrera, Argentina",42,82,NA,35,NA,NA,NA,NA,NA,NA,NA,NA,NA,NA
712,"Alumbrera, Argentina",17,38,NA,22.81632,5.7747,NA,NA,NA,NA,NA,NA,NA,NA,NA
713,"Alumbrera, Argentina",15,0,NA,20.00336,4.523223,NA,NA,NA,NA,NA,NA,NA,NA,NA
714,"Oyu Tolgoi, Mongolia",NA,NA,NA,NA,NA,NA,NA,NA,NA,NA,NA,NA,NA,NA
715,"Oyu Tolgoi, Mongolia",20.9,45.7,5.8,23.7,5.3,1.2,4.6,0.7,4.3,0.9,2.6,0.4,2.8,0.4
716,"Oyu Tolgoi, Mongolia",15.4,30.9,3.7,16.1,3.5,1.2,3.8,0.6,3.3,0.7,2.1,0.3,2.1,0.3
717,"Oyu Tolgoi, Mongolia",19.2,38.7,4.8,19.8,4.5,1.2,4.5,0.7,3.9,0.8,2.3,0.4,2.4,0.4
718,"Oyu Tolgoi, Mongolia",14.6,28.4,3.47,14.2,3.05,0.98,3.24,0.47,2.72,0.57,1.71,0.25,1.86,0.26
719,"Oyu Tolgoi, Mongolia",17,32.3,3.7,15.2,3.2,1,3.3,0.5,2.9,0.6,2,0.3,1.9,0.3
720,"Oyu Tolgoi, Mongolia",15.2,27.4,3.3,13.6,2.87,0.92,3.11,0.44,2.55,0.55,1.68,0.25,1.84,0.27
721,"Oyu Tolgoi, Mongolia",17.2,33.7,4.32,17.4,3.75,1.11,4,0.6,3.45,0.77,2.26,0.35,2.49,0.36
722,"Oyu Tolgoi, Mongolia",16.3,33.9,3.79,16,3.45,1.13,3.37,0.52,3.03,0.61,1.9,0.25,2.01,0.31
723,"Oyu Tolgoi, Mongolia",17,34.8,3.85,15.9,3.46,1.16,3.39,0.53,2.8,0.55,1.56,0.22,1.52,0.26
724,"Oyu Tolgoi, Mongolia",15.4,32.1,3.7,15.4,3.42,1.09,3.62,0.57,3.26,0.64,2.01,0.3,1.92,0.3
725,"Oyu Tolgoi, Mongolia",15.8,33.6,3.78,15.9,3.38,1.12,3.61,0.6,3.26,0.65,2.07,0.3,1.98,0.29
726,"Oyu Tolgoi, Mongolia",15.1,31.5,3.65,15.1,3.52,1.07,3.7,0.57,3.28,0.67,1.97,0.27,2.09,0.28
727,"Oyu Tolgoi, Mongolia",15.5,32.5,3.66,14.9,3.27,1.04,3.3,0.55,3.23,0.63,1.99,0.27,2.12,0.31
728,"Oyu Tolgoi, Mongolia",15.9,32.8,3.78,15.5,3.49,1.13,3.54,0.58,3.35,0.63,1.93,0.27,2,0.32
729,"Oyu Tolgoi, Mongolia",17.4,36.9,4.17,17.4,3.85,1.23,3.8,0.62,3.68,0.7,2.06,0.33,2.16,0.32
730,"Oyu Tolgoi, Mongolia",16.5,34.4,3.91,15.9,3.6,1.17,3.77,0.61,3.43,0.68,2.15,0.3,2.16,0.36
731,"Oyu Tolgoi, Mongolia",15.7,33,3.84,15.8,3.74,1.12,3.55,0.61,3.43,0.67,2.06,0.29,2.1,0.32
732,"Oyu Tolgoi, Mongolia",15.6,32.9,3.8,15.9,3.54,1.09,3.55,0.58,3.55,0.67,2.06,0.3,2.12,0.3
733,"Oyu Tolgoi, Mongolia",13.5,26.6,2.81,11.1,2.27,0.8,2.54,0.38,2.3,0.43,1.34,0.21,1.44,0.22
734,"Oyu Tolgoi, Mongolia",13.2,24.4,2.93,10.2,2.18,0.734,2.09,0.34,2.11,0.45,1.43,0.225,1.5,0.242
735,"Grasberg-Ertsberg, West Papua",25.5,47,NA,18,3.5,1.1,NA,0.6,NA,NA,NA,NA,1.7,0.24
736,"Grasberg-Ertsberg, West Papua",25.2,47,NA,24,3.8,1.3,NA,0.5,NA,NA,NA,NA,1.8,0.23
737,"Grasberg-Ertsberg, West Papua",24.4,48,NA,22,3.8,1.2,NA,0.6,NA,NA,NA,NA,1.7,0.26
738,"Grasberg-Ertsberg, West Papua",25,47,NA,19,3.5,1.2,NA,0.6,NA,NA,NA,NA,1.9,0.28
739,"Grasberg-Ertsberg, West Papua",30.6,50,NA,21,3.7,1.4,NA,0.5,NA,NA,NA,NA,1.7,0.25
740,"Grasberg-Ertsberg, West Papua",30.1,57,NA,24,4.3,1.7,NA,0.5,NA,NA,NA,NA,2,0.3
741,"Grasberg-Ertsberg, West Papua",30.1,60,NA,26,4.9,1,NA,0.6,NA,NA,NA,NA,2.1,0.32
742,"Grasberg-Ertsberg, West Papua",27.5,51,NA,23,4.2,1.1,NA,0.5,NA,NA,NA,NA,1.8,0.27
743,"Grasberg-Ertsberg, West Papua",24.4,46,NA,20,3.8,1.3,NA,0.6,NA,NA,NA,NA,2,0.31
744,"Grasberg-Ertsberg, West Papua",13.9,30,NA,14,3.3,1.1,NA,0.5,NA,NA,NA,NA,1.6,0.24
745,"Grasberg-Ertsberg, West Papua",30.7,53,NA,24,4.1,1.3,NA,0.6,NA,NA,NA,NA,2,0.3
746,"Grasberg-Ertsberg, West Papua",16.9,36,NA,17,3.5,0.7,NA,0.5,NA,NA,NA,NA,1.7,0.25
747,"Grasberg-Ertsberg, West Papua",NA,NA,NA,NA,NA,NA,NA,NA,NA,NA,NA,NA,NA,NA
748,"Grasberg-Ertsberg, West Papua",28.2,50,NA,21,3.7,1.3,NA,0.5,NA,NA,NA,NA,1.8,0.28
749,"Grasberg-Ertsberg, West Papua",28.3,54,NA,23,4.3,1.4,NA,0.6,NA,NA,NA,NA,1.8,0.26
